CÓDIGO;MULTIPLICADOR;NÚMERO BASE (NB);A;B;TERMINACIONES;DURACIÓN TOTAL NB;PATRÓN 1;PATRÓN 2;PATRÓN 3;DONDE EMPIEZA;;
0997;1;997;0997;-;997;32901;299100;-;-;36300;368301;701299
1997;1;1997;1997;-;997;65901;599100;-;-;346299;1011300;1676301
1999;1;1999;1999;-;999;199900;1799100;-;-;318300;2317300;-
2003;1;2003;2003;-;003;66099;600900;-;-;13199;682201;1349200
2999;1;2999;2999;-;999;299900;2699100;-;-;1167300;4166300;-
3001;1;3001;3001;-;001;300100;2700900;-;-;2673200;5674200;-
4001;1;4001;4001;-;001;400100;3600900;-;-;483200;4484200;-
4003;1;4003;4003;-;003;132099;1200900;-;-;1123201;2456200;3789199
4999;1;4999;4999;-;999;499900;4499100;-;-;4245300;9244300;-
5003;1;5003;5003;-;003;165099;1500900;-;-;418200;2084199;3755201
6997;1;6997;6997;-;997;230901;2099100;-;-;1325301;3662299;5992300
7001;1;7001;7001;-;001;700100;6300900;-;-;5676200;12677200;-
8999;1;8999;8999;-;999;899900;8099100;-;-;6922300;15921300;-
9001;1;9001;9001;-;001;900100;8100900;-;-;2437200;11438200;-
0499;2;998;998;-;499;49900;199101;-;-;157299;406300;-
1499;2;2998;2998;-;499;149900;598101;-;-;66300;814301;-
3499;2;6998;6998;-;499;349900;1396101;-;-;18299;1764300;-
5501;2;11002;11002;-;501;550100;2194899;-;-;4235;2562200;5307199
7499;2;14998;14998;-;499;749900;2992101;-;-;9223;3181300;6923301
8501;2;17002;17002;-;501;850100;3391899;-;-;1324200;5566199;-
1667;3;5001;5001;-;667;500100;1166900;2833900;-;87200;1754200;-
2333;3;6999;6999;-;333;699900;1633100;3966100;-;6275;2164300;4497300
5333;3;15999;15999;-;333;1599900;3733100;9066100;-;734300;6067300;-
7333;3;21999;21999;-;333;2199900;5133100;12466100;-;2036300;9369300;-
0251;4;1004;1004;-;251;25100;37901;-;-;33199;96200;-
0751;4;3004;3004;-;751;75100;111899;-;-;202;187201;-
1249;4;4996;4996;-;249;124900;186101;-;-;138301;449302;-
2251;4;9004;9004;-;251;225100;339901;-;-;212201;777202;-
2749;4;10996;10996;-;749;274900;415099;-;-;10253;568300;1258299
3251;4;13004;13004;-;251;325100;490901;-;-;238200;1054201;-
4751;4;19004;19004;-;751;475100;707899;-;-;1282;804201;1987200
5749;4;22996;22996;-;749;574900;868099;-;-;849299;2292298;-
9749;4;38996;38996;-;749;974900;1472099;-;-;660299;3107298;-
0199;5;995;995;-;199;19900;20099;-;-;244;29298;69297
0401;5;2005;2005;-;401;40100;40902;-;-;37200;118202;-
0599;5;2995;2995;-;599;59900;61098;-;-;22300;143298;-
0601;5;3005;3005;-;601;60100;58898;-;-;2265;82198;204201
1201;5;6005;6005;-;201;120100;118899;-;-;92200;331199;-
1399;5;6995;6995;-;399;139900;137102;-;-;28301;312298;-
1601;5;8005;8005;-;601;160100;156898;-;-;1232;270200;587198
1801;5;9005;9005;-;801;180100;181901;-;-;30202;383198;745199
2399;5;11995;11995;-;399;239900;235102;-;-;125299;600301;-
2801;5;14005;14005;-;801;280100;282901;-;-;128201;691202;-
4201;5;21005;21005;-;201;420100;415899;-;-;3234;692198;1528197
4799;5;23995;23995;-;799;479900;475101;-;-;20299;975300;-
4801;5;24005;24005;-;801;480100;484901;-;-;13298;498199;1463200
5399;5;26995;26995;-;399;539900;529102;-;-;1241;773298;1842300
5801;5;29005;29005;-;801;580100;585901;-;-;10267;770198;1936199
6199;5;30995;30995;-;199;619900;626099;-;-;26221;776300;2022299
6599;5;32995;32995;-;599;659900;673098;-;-;120299;1453297;-
8599;5;42995;42995;-;599;859900;877098;-;-;681298;2375301;-
9199;5;45995;45995;-;199;919900;929099;-;-;149299;1998298;-
9601;5;48005;48005;-;601;960100;940898;-;-;84200;1985198;3934201
0167;6;1002;1002;-;167;50100;32899;116900;-;218;74199;158200
2833;6;16998;16998;-;833;849900;558101;1983100;-;13286;1302301;2727300
3167;6;19002;19002;-;167;950100;623899;2216900;-;498200;2072199;-
3833;6;22998;22998;-;833;1149900;755101;2683100;-;125300;2030301;-
5167;6;31002;31002;-;167;1550100;1017899;3616900;-;22269;1536200;4104199
6833;6;40998;40998;-;833;2049900;1346101;4783100;-;25213;1658300;5054301
8167;6;49002;49002;-;167;2450100;1608899;5716900;-;35199;4143200;-
9833;6;58998;58998;-;833;2949900;1937101;6883100;-;36283;4451300;9338301
0571;7;3997;3997;-;571;131901;57100;246101;-;2209;71300;260301
0857;7;5999;5999;-;857;599900;257100;1114100;-;2236;475300;1332300
1429;7;10003;10003;-;429;330099;142900;615899;-;50200;523199;-
1571;7;10997;10997;-;571;362901;157100;677101;-;9221;243300;763301
2143;7;15001;15001;-;143;1500100;642900;2785900;-;7264;1190200;3333200
2857;7;19999;19999;-;857;1999900;857100;3714100;-;270300;3127300;-
3571;7;24997;24997;-;571;824901;357100;1539101;-;10248;767300;1949301
5857;7;40999;40999;-;857;4099900;1757100;7614100;-;15286;5298300;11155300
6143;7;43001;43001;-;143;4300100;1842900;7985900;-;39253;3903200;10046200
6571;7;45997;45997;-;571;1517901;657100;2832101;-;12287;2003300;4178301
6857;7;47999;47999;-;857;4799900;2057100;8914100;-;1197300;8054300;-
8429;7;59003;59003;-;429;1947099;842900;3632899;-;43240;2066200;4856199
9857;7;68999;68999;-;857;6899900;2957100;12814100;-;55297;9705300;19562300
1889;9;17001;17001;-;889;1700100;188900;2077900;-;11201;1883200;3772200
2111;9;18999;18999;-;111;1899900;211100;2322100;-;2258;1315300;3426300
3889;9;35001;35001;-;889;3500100;388900;4277900;-;15283;999200;4888200
4111;9;36999;36999;-;111;3699900;411100;4522100;-;287;3630300;7741300
4889;9;44001;44001;-;889;4400100;488900;5377900;-;19213;4336200;9225200
8111;9;72999;72999;-;111;7299900;811100;8922100;-;49233;3269300;11380300
0727;11;7997;7997;-;727;263901;26899;218100;-;3278;184301;429300
1091;11;12001;12001;-;091;1200100;109100;981900;-;9240;620200;1711200
2273;11;25003;25003;-;273;825099;84101;681900;-;19297;726200;1492201
2909;11;31999;31999;-;909;3199900;290900;2618100;-;10268;1895300;4804300
3727;11;40997;40997;-;727;1352901;137899;1118100;-;24262;747300;2003299
4091;11;45001;45001;-;091;4500100;409100;3681900;-;18286;239200;4330200
4273;11;47003;47003;-;273;1551099;158101;1281900;-;36277;254200;1694201
4909;11;53999;53999;-;909;5399900;490900;4418100;-;22237;1529300;6438300
5273;11;58003;58003;-;273;1914099;195101;1581900;-;34221;1405201;3124199
6091;11;67001;67001;-;091;6700100;609100;5481900;-;27226;4376200;10467200
7727;11;84997;84997;-;727;2804901;285899;2318100;-;81210;135299;2654301
8273;11;91003;91003;-;273;3003099;306101;2481900;-;70237;1675199;4463200
9091;11;100001;100001;-;091;10000100;909100;8181900;-;4272;1895200;10986200
0083;12;996;996;-;083;24900;3901;17098;-;264;12299;33298
1583;12;18996;18996;-;583;474900;83899;307102;-;8215;300;391301
2083;12;24996;24996;-;083;624900;97901;429098;-;21225;73300;600299
2417;12;29004;29004;-;417;725100;128101;468898;-;21293;548199;1145198
2917;12;35004;35004;-;917;875100;137099;600902;-;5279;43200;781201
3083;12;36996;36996;-;083;924900;144901;635098;-;25249;324300;1104299
3583;12;42996;42996;-;583;1074900;189899;695102;-;4263;502300;1387301
3917;12;47004;47004;-;917;1175100;184099;806902;-;46259;332200;1323201
4583;12;54996;54996;-;583;1374900;242899;889102;-;51283;963300;2095301
5417;12;65004;65004;-;417;1625100;287101;1050898;-;15221;1028200;2366199
6917;12;83004;83004;-;917;2075100;325099;1424902;-;33270;289199;2039200
7417;12;89004;89004;-;417;2225100;393101;1438898;-;28258;614201;2446200
7583;12;90996;90996;-;583;2274900;401899;1471102;-;77270;1313299;3186300
0769;13;9997;6921;3076;769;329901;76900;-;-;253;103299;356300
1231;13;16003;11079;4924;231;528099;123100;-;-;3286;365200;770199
3769;13;48997;33921;15076;769;1616901;376900;-;-;1243;310301;1599299
3923;13;50999;3923;47076;923;5099900;1176900;-;-;35267;2275300;6198300
4231;13;55003;38079;16924;231;1815099;423100;-;-;11296;1090201;2482200
5077;13;66001;5077;60924;077;6600100;1523100;-;-;15281;4823200;9900200
5231;13;68003;47079;20924;231;2244099;523100;-;-;66276;87200;1808199
5923;13;76999;5923;71076;923;7699900;1776900;-;-;53247;1895300;7818300
8231;13;107003;74079;32924;231;3531099;823100;-;-;104286;2524200;5232199
8923;13;115999;8923;107076;923;11599900;2676900;-;-;80217;8298300;17221300
9769;13;126997;87921;39076;769;4190901;976900;-;-;3223;42299;3256300
9923;13;128999;9923;119076;923;12899900;2976900;-;-;89207;7938300;17861300
0643;14;9002;7073;1929;643;450100;133101;192900;-;250;92199;409198
2357;14;32998;25927;7071;357;1649900;487899;707100;-;13222;1083300;2245301
3643;14;51002;40073;10929;643;2550100;754101;1092900;-;23278;1677200;3473199
4357;14;60998;47927;13071;357;3049900;901899;1307100;-;46227;2207299;4355300
4643;14;65002;51073;13929;643;3250100;961101;1392900;-;48240;1037199;3326198
7643;14;107002;84073;22929;643;5350100;1582101;2292900;-;18266;255199;4023198
9643;14;135002;106073;28929;643;6750100;1996101;2892900;-;71261;775200;5529199
0067;15;1005;67;938;067;20100;7102;6901;-;288;9199;23202
0467;15;7005;6071;934;467;140100;48101;43898;-;5281;77199;169198
0733;15;10995;2932;8063;733;219900;68902;71101;-;1238;9301;160299
1733;15;25995;6932;19063;733;519900;162902;168101;-;20258;143301;500299
1867;15;28005;13069;14936;867;560100;181099;197902;-;19248;118199;497200
1933;15;28995;1933;27062;933;579900;204898;199099;-;3266;204298;579300
2267;15;34005;9068;24937;267;680100;213098;219899;-;5236;200198;667200
2467;15;37005;32071;4934;467;740100;254101;231898;-;3231;267200;753199
3067;15;46005;3067;42938;067;920100;325102;315901;-;16285;470201;1065199
3467;15;52005;45071;6934;467;1040100;357101;325898;-;32277;618200;1301199
3533;15;52995;45929;7066;533;1059900;363899;332102;-;34234;41300;737301
3733;15;55995;14932;41063;733;1119900;350902;362101;-;21240;118298;943291
4133;15;61995;28931;33064;133;1239900;400901;438098;-;15250;234299;1073298
4733;15;70995;18932;52063;733;1419900;444902;459101;-;3265;481298;1527291
4933;15;73995;4933;69062;933;1479900;522898;508099;-;18202;526301;1557298
5867;15;88005;41069;46936;867;1760100;569099;621902;-;25286;823198;2014199
6067;15;91005;6067;84938;067;1820100;643102;624901;-;38282;936198;2204201
6133;15;91995;42931;49064;133;1839900;594901;650098;-;4231;1206299;2451298
6733;15;100995;26932;74063;733;2019900;632902;653101;-;65242;240300;1627298
7867;15;118005;55069;62936;867;2360100;763099;833902;-;73241;726202;2205198
7933;15;118995;7933;111062;933;2379900;840898;817099;-;37205;973299;2512301
8467;15;127005;110071;16934;467;2540100;872101;795898;-;87294;1137202;2805201
8867;15;133005;62069;70936;867;2660100;860099;939902;-;100285;1439202;3106198
8933;15;133995;8933;125062;933;2679900;946898;920099;-;131225;1721299;3454301
9067;15;136005;9067;126938;067;2720100;961102;933901;-;66279;1544200;3303198
9133;15;136995;63931;73064;133;2739900;885901;968098;-;70232;6301;1860300
9467;15;142005;123071;18934;467;2840100;975101;889898;-;50269;1934202;3799201
9533;15;142995;123929;19066;533;2859900;981899;896102;-;54242;359298;2237299
9733;15;145995;38932;107063;733;2919900;914902;944101;-;133244;386302;2391300
0059;17;1003;59;944;059;34102;14101;-;-;296;7199;27200
0353;17;6001;1059;4942;353;600100;247100;-;-;4267;308200;661200
0647;17;10999;1941;9058;647;1099900;452900;-;-;1235;580300;1227300
0941;17;15997;941;15056;941;543898;224899;-;-;12204;122301;441300
2647;17;44999;7941;37058;647;4499900;1852900;-;-;26231;2215300;4862300
5059;17;86003;5059;80944;059;2924102;1209101;-;-;10269;1376199;3091200
5647;17;95999;16941;79058;647;9599900;3952900;-;-;67255;1394300;7041300
6353;17;108001;19059;88942;353;10800100;4447100;-;-;13277;4403200;10756200
8059;17;137003;8059;128944;059;4658102;1926101;-;-;241;814200;3546201
8353;17;142001;25059;116942;353;14200100;5847100;-;-;84281;5288200;13641200
8647;17;146999;25941;121058;647;14699900;6052900;-;-;146220;5680300;14327300
8941;17;151997;8941;143056;941;5167898;2136899;-;-;80200;974300;4005299
9059;17;154003;9059;144944;059;5236102;2165101;-;-;271;2446201;5363199
9941;17;168997;9941;159056;941;5745898;2375899;-;-;79229;2763299;5964301
0389;18;7002;5057;1945;389;350100;159101;38900;-;4251;20200;211199
2389;18;43002;31057;11945;389;2150100;977101;238900;-;33278;745200;1918199
3389;18;61002;44057;16945;389;3050100;1386101;338900;-;30263;1528201;3192200
6389;18;115002;83057;31945;389;5750100;2613101;638900;-;44275;2846201;5983200
8389;18;151002;109057;41945;389;7550100;3431101;838900;-;125247;771200;4890199
0263;19;4997;3945;1052;263;164901;78900;-;-;207;22299;108300
0421;19;7999;2947;5052;421;799900;378900;-;-;5207;103300;524300
1579;19;30001;11053;18948;579;3000100;1421100;-;-;26258;1444200;3023200
2579;19;49001;18053;30948;579;4900100;2321100;-;-;22256;2436200;5015200
4421;19;83999;30947;53052;421;8399900;3978900;-;-;81213;1615300;6036300
5737;19;109003;86055;22948;737;3597099;1721100;-;-;87259;1768200;3644199
6263;19;118997;93945;25052;263;3926901;1878900;-;-;11210;656299;2704300
6421;19;121999;44947;77052;421;12199900;5778900;-;-;15217;2731300;9152300
6737;19;128003;101055;26948;737;4224099;2021100;-;-;82258;2056199;4387201
8263;19;156997;123945;33052;263;5180901;2478900;-;-;122209;816301;3675299
8737;19;166003;131055;34948;737;5478099;2621100;-;-;54256;2780200;5637199
9421;19;178999;65947;113052;421;17899900;8478900;-;-;154221;4855300;14276300
0619;21;12999;4952;8047;619;1299900;680900;61900;557100;4227;293300;912300
1381;21;29001;11048;17953;381;2900100;1519100;138100;1242900;11282;395200;1776200
1619;21;33999;12952;21047;619;3399900;1780900;161900;1457100;6200;1463300;3082300
2381;21;50001;19048;30953;381;5000100;2619100;238100;2142900;43262;1705200;4086200
5381;21;113001;43048;69953;381;11300100;5919100;538100;4842900;6295;33200;5414200
6619;21;138999;52952;86047;619;13899900;7280900;661900;5957100;45207;356300;6975300
9619;21;201999;76952;125047;619;20199900;10580900;961900;8657100;27221;3307300;12926300
0409;22;8998;6953;2045;409;449900;249899;40900;-;216;31300;231301
1409;22;30998;23953;7045;409;1549900;860899;140900;-;9200;557301;1277300
2591;22;57002;44047;12955;591;2850100;1583101;259100;-;45264;812200;2079199
4409;22;96998;74953;22045;409;4849900;2693899;440900;-;55244;1748300;3904301
4591;22;101002;78047;22955;591;5050100;2805101;459100;-;34294;2123199;4469200
5591;22;123002;95047;27955;591;6150100;3416101;559100;-;103265;1635199;4492200
7591;22;167002;129047;37955;591;8350100;4638101;759100;-;64295;3518200;7230199
0739;23;16997;2956;14041;739;577898;325899;-;-;6229;102299;337301
1087;23;25001;13044;11957;087;2500100;1413100;-;-;7293;943200;2030200
1913;23;43999;22956;21043;913;4399900;2486900;-;-;8206;1611300;3524300
2087;23;48001;25044;22957;087;4800100;2713100;-;-;20264;1122200;3209200
3739;23;85997;14956;71041;739;2923898;1648899;-;-;50214;106299;1295301
4261;23;98003;17044;80959;261;3332102;1879101;-;-;49299;1076200;2529201
5087;23;117001;61044;55957;087;11700100;6613100;-;-;100264;2786200;7873200
5261;23;121003;21044;99959;261;4114102;2320101;-;-;8259;1176201;2849199
8087;23;186001;97044;88957;087;18600100;10513100;-;-;54263;4510200;12597200
9739;23;223997;38956;185041;739;7615898;4294899;-;-;189228;1231301;4552300
0577;26;15002;4039;10963;577;750100;469101;-;-;13276;20200;301199
1423;26;36998;9961;27037;423;1849900;1156899;-;-;14215;576300;1269301
2423;26;62998;16961;46037;423;3149900;1969899;-;-;24205;666300;1846301
4423;26;114998;30961;84037;423;5749900;3595899;-;-;13224;66300;2220301
6577;26;171002;46039;124963;577;8550100;5347101;-;-;105297;1677200;4880199
7577;26;197002;53039;143963;577;9850100;6160101;-;-;68268;947200;4637199
8423;26;218998;58961;160037;423;10949900;6847899;-;-;185221;67299;4169300
0037;27;999;962;37;037;99900;62900;25900;-;229;3300;40300
2963;27;80001;77038;2963;963;8000100;5037100;2074100;-;8266;654200;3617200
3037;27;81999;78962;3037;037;8199900;5162900;2125900;-;49229;301300;3338300
6037;27;162999;156962;6037;037;16299900;10262900;4225900;-;158229;659300;6696300
7963;27;215001;207038;7963;963;21500100;13537100;5574100;-;6290;4545200;12508200
8963;27;242001;233038;8963;963;24200100;15237100;6274100;-;204266;2158200;11121200
0107;28;2996;963;2033;107;74900;48899;22898;-;225;24300;50301
0607;28;16996;13961;3035;607;424900;268901;112902;-;12206;72299;228298
1607;28;44996;36961;8035;607;1124900;711901;298902;-;8211;212300;625299
2393;28;67004;55039;11965;393;1675100;1060099;445098;-;21273;593200;1208201
3607;28;100996;82961;18035;607;2524900;1597901;670902;-;11217;671298;1497301
5107;28;142996;45963;97033;107;3574900;2333899;1092898;-;31203;465298;1706299
5393;28;151004;124039;26965;393;3775100;2389099;1003098;-;107266;312200;1698201
6607;28;184996;151961;33035;607;4624900;2926901;1228902;-;93224;1487301;3185300
7393;28;207004;170039;36965;393;5175100;3275099;1375098;-;95295;827202;2520199
7607;28;212996;174961;38035;607;5324900;3369901;1414902;-;206225;69299;2024298
8893;28;249004;80037;168967;893;6225100;4064101;1903102;-;61272;150202;2311201
1069;29;31001;16035;14966;069;3100100;2031100;-;-;30284;633200;1702200
1931;29;55999;28965;27034;931;5599900;3668900;-;-;3224;1540300;3471300
2069;29;60001;31035;28966;069;6000100;3931100;-;-;48269;46200;2115200
2207;29;64003;11035;52968;207;2176102;1419101;-;-;11277;554199;1311200
3793;29;109997;18965;91032;793;3739898;2438899;-;-;98200;261299;1452301
3931;29;113999;58965;55034;931;11399900;7468900;-;-;26219;2585300;6516300
4793;29;138997;23965;115032;793;4725898;3081899;-;-;28230;1624299;3129301
4931;29;142999;73965;69034;931;14299900;9368900;-;-;8234;432300;5363300
6793;29;196997;33965;163032;793;6697898;4367899;-;-;33217;1310301;3640300
7069;29;205001;106035;98966;069;20500100;13431100;-;-;101298;1218200;8287200
7207;29;209003;36035;172968;207;7106102;4634101;-;-;87276;2069201;4332199
7793;29;225997;38965;187032;793;7683898;5010899;-;-;147209;1160299;3607301
8069;29;234001;121035;112966;069;23400100;15331100;-;-;75283;4860200;12929200
9931;29;287999;148965;139034;931;28799900;18868900;-;-;215204;2360300;12291300
0613;31;19003;11034;7969;613;627099;429100;-;-;14276;152201;350200
1129;31;34999;25967;9032;129;3499900;2370900;-;-;18210;255300;1384300
1613;31;50003;29034;20969;613;1650099;1129100;-;-;26275;389200;910199
1871;31;58001;43033;14968;871;5800100;3929100;-;-;50273;1429200;3300200
2129;31;65999;48967;17032;129;6599900;4470900;-;-;32211;545300;2674300
3613;31;112003;65034;46969;613;3696099;2529100;-;-;8273;933201;2100200
4129;31;127999;94967;33032;129;12799900;8670900;-;-;54213;1305300;5434300
4871;31;151001;112033;38968;871;15100100;10229100;-;-;116270;4159200;9030200
5387;31;166997;96966;70031;387;5510901;3770900;-;-;9211;386301;2293299
6871;31;213001;158033;54968;871;21300100;14429100;-;-;150268;6279200;13150200
7129;31;220999;163967;57032;129;22099900;14970900;-;-;72216;2895300;10024300
8387;31;259997;150966;109031;387;8579901;5870900;-;-;98211;685301;3654299
9613;31;298003;173034;124969;613;9834099;6729100;-;-;214273;2675201;5780200
9871;31;306001;227033;78968;871;30600100;20729100;-;-;107297;38200;9909200
1303;33;42999;29969;13030;303;4299900;2996900;1693900;390900;24222;579300;1882300
1697;33;56001;39031;16970;697;5600100;3903100;2206100;509100;14271;1129200;2826200
3697;33;122001;85031;36970;697;12200100;8503100;4806100;1109100;53273;2238200;5935200
5303;33;174999;121969;53030;303;17499900;12196900;6893900;1590900;162218;1721300;7024300
9697;33;320001;223031;96970;697;32000100;22303100;12606100;2909100;314279;4125200;13822200
0853;34;29002;23031;5971;853;1450100;1038101;-;-;16283;92200;504199
3853;34;131002;104031;26971;853;6550100;4689101;-;-;54288;4199;1996200
5147;34;174998;138969;36029;147;8749900;6263899;-;-;128211;61300;2547301
7853;34;267002;212031;54971;853;13350100;9557101;-;-;236296;3126200;6919199
8147;34;276998;219969;57029;147;13849900;9914899;-;-;162206;3437300;7372301
0257;35;8995;7967;1028;257;179900;124902;78899;-;2212;51299;97302
0457;35;15995;10968;5027;457;319900;234898;133901;-;6219;21300;106302
0743;35;26005;23033;2972;743;520100;361098;228101;-;289;142202;275199
1543;35;54005;37032;16973;543;1080100;793102;452099;-;25289;309201;596199
1657;35;57995;4971;53024;657;1159900;816901;473902;-;24208;294299;637298
2543;35;89005;61032;27973;543;1780100;1307102;745099;-;77281;161200;634198
2657;35;92995;7971;85024;657;1859900;1309901;759902;-;20219;89301;639300
3257;35;113995;100967;13028;257;2279900;1582902;999899;-;106210;614302;1311300
3343;35;117005;10029;106976;343;2340100;1648099;956098;-;108279;312202;887198
3457;35;120995;82968;38027;457;2419900;1776898;1012901;-;33221;147302;911299
3943;35;138005;67031;70974;943;2760100;1999101;1238102;-;88283;163200;924199
4057;35;141995;68969;73026;057;2839900;2056899;1273898;-;55215;132298;915299
4457;35;155995;106968;49027;457;3119900;2290898;1305901;-;56202;564300;1393302
4657;35;162995;13971;149024;657;3259900;2295901;1331902;-;147207;906298;1707302
4943;35;173005;84031;88974;943;3460100;2506101;1552102;-;145274;585201;1539200
5657;35;197995;16971;181024;657;3959900;2788901;1617902;-;139218;286300;1457299
5743;35;201005;178033;22972;743;4020100;2791098;1763101;-;180272;651198;1880200
6257;35;218995;193967;25028;257;4379900;3040902;1920899;-;135213;1330300;2669298
6343;35;222005;19029;202976;343;4440100;3127099;1814098;-;91275;478198;1791199
7057;35;246995;119969;127026;057;4939900;3577899;2215898;-;117216;251299;1613300
7457;35;260995;178968;82027;457;5219900;3832898;2184901;-;64204;914302;2562299
8543;35;299005;205032;93973;543;5980100;4391102;2503099;-;191277;772201;2361199
9257;35;323995;286967;37028;257;6479900;4498902;2841899;-;98216;209300;2190298
9343;35;327005;28029;298976;343;6540100;4606099;2672098;-;293276;863199;2797200
9743;35;341005;302033;38972;743;6820100;4735098;2991101;-;23285;140201;1884198
0139;36;5004;4031;973;139;125100;89099;53098;-;2283;198;36199
1361;36;48996;14971;34025;361;1224900;896899;568898;-;6219;10302;387299
1861;36;66996;53969;13027;861;1674900;1192901;710902;-;12226;185299;667298
2861;36;102996;82969;20027;861;2574900;1833901;1092902;-;10213;605301;1346300
3361;36;120996;36971;84025;361;3024900;2214899;1404898;-;79218;89301;1020298
4139;36;149004;120031;28973;139;3725100;2653099;1581098;-;76281;163200;1235201
4639;36;167004;51029;115975;639;4175100;3057101;1939102;-;11272;526201;1644200
4861;36;174996;140969;34027;861;4374900;3115901;1856902;-;22214;1208298;2292301
5639;36;203004;62029;140975;639;5075100;3716101;2357102;-;98287;1271199;2833202
5861;36;210996;169969;41027;861;5274900;3756901;2238902;-;9201;595301;2113300
6361;36;228996;69971;159025;361;5724900;4191899;2658898;-;137206;1231298;2764299
7639;36;275004;84029;190975;639;6875100;5034101;3193102;-;3284;26201;1867200
8861;36;318996;256969;62027;861;7974900;5679901;3384902;-;58216;2220300;4515299
0919;37;34003;11028;22975;919;1122099;827100;-;-;6276;75201;370200
1973;37;73001;71028;1973;973;7300100;5327100;-;-;50291;1299200;3272200
2027;37;74999;72972;2027;027;7499900;5472900;-;-;15222;246300;2273300
2081;37;76997;24972;52025;081;2540901;1872900;-;-;48216;641301;1386299
3919;37;145003;47028;97975;919;4785099;3527100;-;-;50280;54199;1457201
4027;37;148999;144972;4027;027;14899900;10872900;-;-;26215;3469300;7496300
4919;37;182003;59028;122975;919;6006099;4427100;-;-;53272;604200;2183199
4973;37;184001;179028;4973;973;18400100;13427100;-;-;32274;1335200;6308200
5081;37;187997;60972;127025;081;6203901;4572900;-;-;148212;1408300;3039301
7027;37;259999;252972;7027;027;25999900;18972900;-;-;165204;3313300;10340300
7919;37;293003;95028;197975;919;9669099;7127100;-;-;133276;727201;3269200
8081;37;298997;96972;202025;081;9866901;7272900;-;-;284208;1989299;4583300
9973;37;369001;359028;9973;973;36900100;26927100;-;-;224292;6168200;16141200
0079;38;3002;1027;1975;079;150100;112101;-;-;286;29200;67199
3079;38;117002;40027;76975;079;5850100;4369101;-;-;54282;1415200;2896199
4079;38;155002;53027;101975;079;7750100;5788101;-;-;39280;35201;1997200
6079;38;231002;79027;151975;079;11550100;8626101;-;-;192278;186199;3341200
7079;38;269002;92027;176975;079;13450100;10045101;-;-;167276;429199;4103200
0359;39;14001;5026;8975;359;1400100;1041100;682100;-;13293;147200;506200
0641;39;24999;8974;16025;641;2499900;1858900;1217900;-;19210;333300;974300
3359;39;131001;47026;83975;359;13100100;9741100;6382100;-;67280;3023200;6382200
5641;39;219999;78974;141025;641;21999900;16358900;10717900;-;135214;3779300;9420300
6359;39;248001;89026;158975;359;24800100;18441100;12082100;-;108293;2480200;8839200
8641;39;336999;120974;216025;641;33699900;25058900;16417900;-;181201;1382300;10023300
0317;41;12997;6974;6023;317;441898;331899;-;-;1207;25299;122301
0439;41;17999;10975;7024;439;1799900;1360900;-;-;7212;179300;618300
0683;41;28003;15026;12977;683;952102;715101;-;-;22203;55300;292301
1439;41;58999;35975;23024;439;5899900;4460900;-;-;22203;55300;1494300
2683;41;110003;59026;50977;683;3740102;2809101;-;-;125285;4019200;4950201
4561;41;187001;114025;72976;561;18700100;14139100;-;-;16282;2926200;7487200
5683;41;233003;125026;107977;683;7922102;5950101;-;-;125285;1899201;3638199
6317;41;258997;138974;120023;317;8805898;6613899;-;-;136204;965300;3157299
7561;41;310001;189025;120976;561;31000100;23439100;-;-;125285;4019200;11580200
8317;41;340997;182974;158023;317;11593898;8707899;-;-;136204;2435300;5321299
9439;41;386999;235975;151024;439;38699900;29260900;-;-;136204;740300;10179300
0881;42;37002;22025;14977;881;1850100;1428101;969100;547101;21293;44199;503200
3119;42;130998;77975;53023;119;6549900;5055899;3430900;1936899;71206;152300;1646301
3881;42;163002;97025;65977;881;8150100;6291101;4269100;2410101;78279;1483201;3342200
5119;42;214998;127975;87023;119;10749900;8297899;5630900;3178899;45200;2200299;4652300
5881;42;247002;147025;99977;881;12350100;9533101;6469100;3652101;36285;1424201;4241200
0907;43;39001;29024;9977;907;3900100;2993100;-;-;37286;311200;1218200
1093;43;46999;34976;12023;093;4699900;3606900;-;-;27204;980300;2073300
1279;43;54997;31975;23022;279;1814901;1406900;-;-;7200;287301;750299
1721;43;74003;43025;30978;721;2442099;1893100;-;-;21288;145200;694199
1907;43;82001;61024;20977;907;8200100;6293100;-;-;19279;1169200;3076200
3907;43;168001;125024;42977;907;16800100;12893100;-;-;90290;598200;4505200
4093;43;175999;130976;45023;093;17599900;13506900;-;-;28200;2893300;6986300
4721;43;203003;118025;84978;721;6699099;5193100;-;-;77282;823200;2329199
5279;43;226997;131975;95022;279;7490901;5806900;-;-;209206;135300;1819301
6907;43;297001;221024;75977;907;29700100;22793100;-;-;35294;6652200;13559200
7907;43;340001;253024;86977;907;34000100;26093100;-;-;135288;1843200;9750200
8093;43;347999;258976;89023;093;34799900;26706900;-;-;7202;6368300;14461300
9721;43;418003;243025;174978;721;13794099;10693100;-;-;188295;52201;3153200
9907;43;426001;317024;108977;907;42600100;32693100;-;-;298299;7659200;17566200
0659;44;28996;1977;27019;659;724900;552901;380902;-;11222;119298;262301
2341;44;103004;7023;95981;341;2575100;1964099;1353098;-;9293;592202;1100199
2659;44;116996;7977;109019;659;2924900;2230901;1536902;-;69213;154301;848300
3659;44;160996;10977;150019;659;4024900;3069901;2114902;-;106220;545300;1500299
4159;44;182996;103975;79021;159;4574900;3580899;2586898;-;133212;266300;1260301
5659;44;248996;16977;232019;659;6224900;4747901;3270902;-;215211;396299;1873298
6659;44;292996;19977;273019;659;7324900;5586901;3848902;-;273218;1072298;2517301
6841;44;301004;171025;129979;841;7525100;5890101;4255102;-;150296;1402199;3338202
7159;44;314996;178975;136021;159;7874900;6163899;4452898;-;214;544298;2255299
7841;44;345004;196025;148979;841;8625100;6751101;4877102;-;23287;274199;2493202
9341;44;411004;28023;382981;341;10275100;7837099;5399098;-;289290;588202;2615199
0089;45;4005;3026;979;089;80100;63101;46102;-;3286;7202;24201
0311;45;13995;4976;9019;311;279900;214901;149902;-;11217;33298;84302
0911;45;40995;30974;10021;911;819900;645899;471898;-;29215;69299;243300
1289;45;58005;9023;48982;289;1160100;879098;656101;-;37290;1198;282200
1489;45;67005;64027;2978;489;1340100;1069102;731099;-;13296;229201;500199
1511;45;67995;64973;3022;511;1359900;1084898;741901;-;15215;95298;370300
2089;45;94005;71026;22979;089;1880100;1481101;1082102;-;10298;219198;712202
2311;45;103995;36976;67019;311;2079900;1596901;1113902;-;30204;365299;848298
2689;45;121005;43024;77981;689;2420100;1858099;1296098;-;56280;247199;809200
2711;45;121995;18977;103018;711;2439900;1848902;1379899;-;103207;27299;496302
3089;45;139005;105026;33979;089;2780100;2190101;1600102;-;52296;500201;1090200
3511;45;157995;150973;7022;511;3159900;2520898;1723901;-;151218;337301;1134298
3911;45;175995;132974;43021;911;3519900;2772899;2025898;-;47205;614300;1361301
4289;45;193005;30023;162982;289;3860100;2925098;2183101;-;8277;467200;1402202
5689;45;256005;91024;164981;689;5120100;3931099;2742098;-;5290;1086200;2275201
5711;45;256995;39977;217018;711;5139900;3894902;2906899;-;63220;417302;1662300
6089;45;274005;207026;66979;089;5480100;4317101;3154102;-;48285;316201;1479200
6311;45;283995;100976;183019;311;5679900;4360901;3041902;-;158216;322302;1641301
6689;45;301005;107024;193981;689;6020100;4622099;3224098;-;26287;200201;1598202
6911;45;310995;234974;76021;911;6219900;4899899;3579898;-;21216;325300;1645301
7489;45;337005;322027;14978;489;6740100;5377102;3677099;-;119299;868199;2568202
8089;45;364005;275026;88979;089;7280100;5735101;4190102;-;258281;978202;2523201
8311;45;373995;132976;241019;311;7479900;5742901;4005902;-;17203;1222298;2585302
8689;45;391005;139024;251981;689;7820100;6004099;4188098;-;86281;703200;2519201
9311;45;418995;148976;270019;311;8379900;6433901;4487902;-;47206;1397301;3343300
9511;45;427995;408973;19022;511;8559900;6828898;4669901;-;48220;980298;2711300
9689;45;436005;155024;280981;689;8720100;6695099;4670098;-;125278;1249202;2838198
0587;46;27002;17023;9979;587;1350100;1070101;-;-;6286;19200;299199
3413;46;156998;98977;58021;413;7849900;6221899;-;-;110205;1185300;2813301
5413;46;248998;156977;92021;413;12449900;9867899;-;-;23221;1138299;3720300
9413;46;432998;272977;160021;413;21649900;17159899;-;-;59207;3457300;7947301
9587;46;441002;278023;162979;587;22050100;17477101;-;-;390286;601200;5174199
0149;47;7003;4023;2980;149;238102;186101;-;-;4280;16200;68201
0383;47;18001;13022;4979;383;1800100;1417100;-;-;4285;6200;389200
0617;47;28999;20978;8021;617;2899900;2282900;-;-;4201;218300;835300
2383;47;112001;81022;30979;383;11200100;8817100;-;-;24282;372200;2755200
2617;47;122999;88978;34021;617;12299900;9682900;-;-;15204;1292300;3909300
2851;47;133997;76977;57020;851;4555898;3560899;-;-;126213;947301;1942300
3617;47;169999;122978;47021;617;16999900;13382900;-;-;104205;2039300;5656300
3851;47;180997;103977;77020;851;6153898;4809899;-;-;74208;1002299;2165301
5851;47;274997;157977;117020;851;9349898;7307899;-;-;212215;130301;2172300
9851;47;462997;265977;197020;851;15741898;12303899;-;-;32212;2869300;6307299
0347;49;17003;9022;7981;347;561099;451100;341101;-;8296;48201;158200
0449;49;22001;13021;8980;449;2200100;1751100;1302100;-;18287;349200;798200
0653;49;31997;16978;15019;653;1055901;848900;641899;-;9200;20301;259299
2347;49;115003;61022;53981;347;3795099;3051100;2307101;-;30299;185201;929200
2551;49;124999;73979;51020;551;12499900;9948900;7397900;-;77218;31300;2582300
3347;49;164003;87022;76981;347;5412099;4351100;3290101;-;63291;612199;1837201
3449;49;169001;100021;68980;449;16900100;13451100;10002100;-;85293;1613200;5062200
5347;49;262003;139022;122981;347;8646099;6951100;5256101;-;42294;657199;2614201
5449;49;267001;158021;108980;449;26700100;21251100;15802100;-;238284;5055200;10504200
5653;49;276997;146978;130019;653;9140901;7348900;5556899;-;119221;362300;2154301
6449;49;316001;187021;128980;449;31600100;25151100;18702100;-;56299;1017200;7466200
6551;49;320999;189979;131020;551;32099900;25548900;18997900;-;316216;6107300;12658300
6653;49;325997;172978;153019;653;10757901;8648900;6539899;-;27210;1444299;3553300
9551;49;467999;276979;191020;551;46799900;37248900;27697900;-;308210;5943300;15494300
1451;51;74001;44981;29020;451;7400100;5949100;4498100;-;3293;376200;1827200
1549;51;78999;48019;30980;549;7899900;6350900;4801900;-;35208;512300;2061300
2549;51;129999;79019;50980;549;12999900;10450900;7901900;-;124212;1429300;3978300
4451;51;227001;137981;89020;451;22700100;18249100;13798100;-;130280;4225200;8676200
4549;51;231999;141019;90980;549;23199900;18650900;14101900;-;85202;94300;4643300
6451;51;329001;199981;129020;451;32900100;26449100;19998100;-;324291;2640200;9091200
7451;51;380001;230981;149020;451;38000100;30549100;23098100;-;188286;4763200;12214200
7549;51;384999;234019;150980;549;38499900;30950900;23401900;-;345215;5365300;12914300
0173;52;8996;3979;5017;173;224900;183899;-;-;8215;33300;74301
0673;52;34996;32977;2019;673;874900;697901;-;-;23211;245301;422300
0827;52;43004;19021;23983;827;1075100;879101;-;-;39290;116201;312200
1327;52;69004;65023;3981;327;1725100;1376099;-;-;11292;100201;449202
3673;52;190996;179977;11019;673;4774900;3808901;-;-;42202;872300;1838299
4327;52;225004;212023;12981;327;5625100;4487099;-;-;175286;690199;1828200
4673;52;242996;228977;14019;673;6074900;4845901;-;-;189209;502300;1731299
5827;52;303004;134021;168983;827;7575100;6194101;-;-;26279;1477202;2858201
6173;52;320996;141979;179017;173;8024900;6561899;-;-;188214;1083299;2546300
6673;52;346996;326977;20019;673;8674900;6919901;-;-;290208;737299;2492298
6827;52;355004;157021;197983;827;8875100;7257101;-;-;208291;843202;2461201
7673;52;398996;375977;23019;673;9974900;7956901;-;-;134200;1868298;3487301
9173;52;476996;210979;266017;173;11924900;9750899;-;-;307203;206300;2380301
0151;53;8003;3020;4983;151;272102;219101;-;-;7288;24200;77201
0283;53;14999;1981;13018;283;1499900;1216900;-;-;14203;257300;540300
1151;53;61003;23020;37983;151;2074102;1670101;-;-;38293;45199;449200
1283;53;67999;8981;59018;283;6799900;5516900;-;-;18205;1256300;2539300
4283;53;226999;29981;197018;283;22699900;18416900;-;-;52209;810300;5093300
5717;53;303001;40019;262982;717;30300100;24583100;-;-;193291;1205200;6922200
5849;53;309997;116980;193017;849;10539898;8486899;-;-;45212;700300;2753299
6151;53;326003;123020;202983;151;11084102;8925101;-;-;149284;1164199;3323200
7151;53;379003;143020;235983;151;12886102;10376101;-;-;66289;867201;2998199
7283;53;385999;50981;335018;283;38599900;31316900;-;-;74213;2907300;10190300
7717;53;409001;54019;354982;717;40900100;33183100;-;-;114288;2707200;10424200
8849;53;468997;176980;292017;849;15945898;12839899;-;-;431211;1422299;4059301
9151;53;485003;183020;301983;151;16490102;13278101;-;-;112282;2107200;5319201
9283;53;491999;64981;427018;283;49199900;39916900;-;-;410215;5005300;14288300
0463;54;25002;6019;18983;463;1250100;1031101;787100;-;1291;21200;240199
3463;54;187002;45019;141983;463;9350100;7712101;5887100;-;44291;193200;1831199
4463;54;241002;58019;182983;463;12050100;9939101;7587100;-;213286;887199;3239200
7537;54;406998;97981;309017;537;20349900;16784899;12812900;-;333210;1064299;4629300
8537;54;460998;110981;350017;537;23049900;19011899;14512900;-;215217;2426300;6464301
9463;54;511002;123019;387983;463;25550100;21074101;16087100;-;310291;717200;5193199
0109;55;5995;981;5014;109;119900;96901;73902;-;3218;16298;33302
0491;55;27005;26023;982;491;540100;431098;349101;-;24289;29199;138201
0509;55;27995;26977;1018;509;559900;446902;361899;-;25210;30300;143298
0691;55;38005;29022;8983;691;760100;637102;476099;-;18290;25200;148198
0709;55;38995;21979;17016;709;779900;645899;511898;-;3211;10301;144302
1109;55;60995;9981;51014;109;1219900;985901;751902;-;27203;150302;384301
1291;55;71005;40021;30984;291;1420100;1176101;932102;-;30299;145198;460202
1709;55;93995;52979;41016;709;1879900;1556899;1233898;-;40212;57302;474298
2309;55;126995;96978;30017;309;2539900;2128898;1590901;-;98201;405298;816300
3109;55;170995;27981;143014;109;3419900;2763901;2107902;-;160206;20301;676300
3491;55;192005;185023;6982;491;3840100;3065098;2482101;-;134298;560200;1335202
3691;55;203005;155022;47983;691;4060100;3403102;2543099;-;186284;426199;1286202
3709;55;203995;114979;89016;709;4079900;3378899;2677898;-;24219;469299;1170300
4691;55;258005;197022;60983;691;5160100;4325102;3232099;-;213299;837202;1672200
5309;55;291995;222978;69017;309;5839900;4894898;3657901;-;61212;114302;1351299
6491;55;357005;344023;12982;491;7140100;5699098;4615101;-;191289;256199;1697201
6691;55;368005;281022;86983;691;7360100;6169102;4610099;-;43290;110200;1301198
6709;55;368995;207979;161016;709;7379900;6111899;4843898;-;265206;1231302;2868298
7109;55;390995;63981;327014;109;7819900;6319901;4819902;-;32203;821302;2321301
7309;55;401995;306978;95017;309;8039900;6738898;5035901;-;201216;676301;2379298
7691;55;423005;323022;99983;691;8460100;7091102;5299099;-;111288;188198;1980201
8291;55;456005;257021;198984;291;9120100;7553101;5986102;-;186298;1380202;2947201
9109;55;500995;81981;419014;109;10019900;8097901;6175902;-;287206;1799300;3721299
9491;55;522005;503023;18982;491;10440100;8333098;6748101;-;175298;1333200;3440202
0193;57;11001;5018;5983;193;1100100;907100;714100;-;2294;126200;319200
1193;57;68001;31018;36983;193;6800100;5607100;4414100;-;64290;1102200;2295200
5807;57;330999;150982;180017;807;33099900;27292900;21485900;-;314216;1545300;7352300
7193;57;410001;187018;222983;193;41000100;33807100;26614100;-;114296;3912200;11105200
8807;57;501999;228982;273017;807;50199900;41392900;32585900;-;309213;670300;9477300
0431;58;24998;21981;3017;431;1249900;1046899;-;-;10201;78299;281300
0569;58;33002;29019;3983;569;1650100;1382101;-;-;9291;231201;499200
5431;58;314998;276981;38017;431;15749900;13191899;-;-;313205;1801299;4359300
5569;58;323002;284019;38983;569;16150100;13527101;-;-;280287;152200;2775199
6569;58;381002;335019;45983;569;19050100;15956101;-;-;61288;3004200;6098199
8431;58;488998;429981;59017;431;24449900;20478899;-;-;486215;781300;4752301
9431;58;546998;480981;66017;431;27349900;22907899;-;-;157214;487299;4929300
0017;59;1003;17;986;017;34102;28101;-;-;285;200;6201
0661;59;38999;1983;37016;661;3899900;3238900;-;-;20206;320300;981300
0983;59;57997;983;57014;983;1971898;1624899;-;-;57200;109299;398301
2017;59;119003;2017;116986;017;4046102;3334101;-;-;80296;306200;1018201
2339;59;138001;7017;130984;339;13800100;11461100;-;-;120294;1182200;3521200
4339;59;256001;13017;242984;339;25600100;21261100;-;-;71289;3321200;7660200
6661;59;392999;19983;373016;661;39299900;32638900;-;-;310202;1762300;8423300
6983;59;411997;6983;405014;983;14007898;11542899;-;-;50207;1244300;3709299
8017;59;473003;8017;464986;017;16082102;13252101;-;-;383292;1754199;4584200
9661;59;569999;28983;541016;661;56999900;47338900;-;-;527200;1493300;11154300
0541;61;33001;20017;12984;541;3300100;2759100;-;-;17295;128200;669200
1459;61;88999;53983;35016;459;8899900;7440900;-;-;83206;471300;1930300
2377;61;144997;125981;19016;377;4784901;4040900;-;-;64202;33301;922299
2459;61;149999;90983;59016;459;14999900;12540900;-;-;22204;376300;2835300
3541;61;216001;131017;84984;541;21600100;18059100;-;-;120287;2574200;6115200
3623;61;221003;192019;28984;623;7293099;6159100;-;-;83292;478199;1833201
5623;61;343003;298019;44984;623;11319099;9559100;-;-;84288;1383201;3143200
7459;61;454999;275983;179016;459;45499900;38040900;-;-;276206;2260300;9719300
7541;61;460001;279017;180984;541;46000100;38459100;-;-;188298;354200;7895200
8377;61;510997;443981;67016;377;16862901;14240900;-;-;25214;1960301;5093299
8623;61;526003;457019;68984;623;17358099;14659100;-;-;517293;1457200;4156199
9377;61;571997;496981;75016;377;18875901;15940900;-;-;525205;975301;4482299
9623;61;587003;510019;76984;623;19371099;16359100;-;-;500299;375200;3387199
2371;62;147002;64017;82985;371;7350100;6238101;-;-;16288;661200;1773199
3371;62;209002;91017;117985;371;10450100;8869101;-;-;124288;1041200;2622199
8629;62;534998;232983;302015;629;26749900;22702899;-;-;441200;4160299;8207300
9371;62;581002;253017;327985;371;29050100;24655101;-;-;542299;186201;4581200
9629;62;596998;259983;337015;629;29849900;25333899;-;-;184202;4931299;9447300
0127;63;8001;1016;6985;127;800100;673100;546100;419100;6287;72200;199200
1873;63;117999;14984;103015;873;11799900;9926900;8053900;6180900;85202;1632300;3505300
4127;63;260001;33016;226985;127;26000100;21873100;17746100;13619100;138295;200200;4327200
7127;63;449001;57016;391985;127;44900100;37773100;30646100;23519100;96285;4693200;11820200
7873;63;495999;62984;433015;873;49599900;41726900;33853900;25980900;106206;720300;8593300
9127;63;575001;73016;501985;127;57500100;48373100;39246100;30119100;50289;3637200;12764200
0277;65;18005;13019;4986;277;360100;301099;-;-;13298;48200;107201
0523;65;33995;10983;23012;523;679900;588898;-;-;16207;18299;109301
0677;65;44005;23018;20987;677;880100;727098;-;-;18285;100202;209199
0877;65;57005;7016;49989;877;1140100;976101;-;-;12286;84200;248199
1123;65;72995;8984;64011;123;1459900;1249899;-;-;20202;176299;386300
1277;65;83005;60019;22986;277;1660100;1388099;-;-;1289;56200;328201
1523;65;98995;31983;67012;523;1979900;1714898;-;-;15214;120301;484298
1723;65;111995;80981;31014;723;2239900;1872901;-;-;17212;91301;458300
1877;65;122005;15016;106989;877;2440100;2089101;-;-;26296;287199;638198
2477;65;161005;52017;108988;477;3220100;2789102;-;-;79288;250201;681199
2677;65;174005;91018;82987;677;3480100;2875098;-;-;155292;131199;736201
3323;65;215995;112982;103013;323;4319900;3568902;-;-;136209;106302;857300
3677;65;239005;125018;113987;677;4780100;3949098;-;-;88284;533201;1125198
3877;65;252005;31016;220989;877;5040100;4315101;-;-;244289;310198;1035197
4523;65;293995;94983;199012;523;5879900;5092898;-;-;149213;461300;1248302
4723;65;306995;221981;85014;723;6139900;5133901;-;-;217210;420299;1426298
4877;65;317005;39016;277989;877;6340100;5428101;-;-;307299;985202;1897201
5323;65;345995;180982;165013;323;6919900;5716902;-;-;37207;1192298;2049301
5477;65;356005;115017;240988;477;7120100;6167102;-;-;301289;679202;1632200
6277;65;408005;295019;112986;277;8160100;6823099;-;-;345297;1136199;2473200
6323;65;410995;214982;196013;323;8219900;6790902;-;-;240210;594298;1612301
7477;65;486005;157017;328988;477;9720100;8419102;-;-;254292;284200;1585198
7523;65;488995;157983;331012;523;9779900;8470898;-;-;90200;940299;2249301
7723;65;501995;362981;139014;723;10039900;8394901;-;-;131213;463302;2108301
7877;65;512005;63016;448989;877;10240100;8767101;-;-;370297;1465200;2938199
8123;65;527995;64984;463011;123;10559900;9040899;-;-;349207;2006299;3525300
8677;65;564005;295018;268987;677;11280100;9319098;-;-;451290;937202;2334199
9277;65;603005;436019;166986;277;12060100;10084099;-;-;241294;37200;2013201
9323;65;605995;316982;289013;323;12119900;10012902;-;-;326211;848299;2349302
9677;65;629005;329018;299987;677;12580100;10393098;-;-;174282;1345199;3532201
0197;66;13002;12017;985;197;650100;558101;453100;361101;12294;97201;189200
2803;66;184998;170983;14015;803;9249900;7940899;6446900;5137899;150212;419300;1728301
3803;66;250998;231983;19015;803;12549900;10773899;8746900;6970899;215211;580299;2356300
5197;66;343002;317017;25985;197;17150100;14723101;11953100;9526101;59297;1613200;4040199
6197;66;409002;378017;30985;197;20450100;17556101;14253100;11359101;89298;1942201;4836200
6803;66;448998;414983;34015;803;22449900;19272899;15646900;12469899;446208;201300;3378301
8803;66;580998;536983;44015;803;29049900;24938899;20246900;16135899;49208;4424299;8535300
9803;66;646998;597983;49015;803;32349900;27771899;22546900;17968899;84207;4309300;8887301
1597;67;106999;7985;99014;597;10699900;9102900;-;-;26206;1147300;2744300
2791;67;186997;66984;120013;791;6170901;5302900;-;-;96205;749299;1617300
3209;67;215003;77016;137987;209;7095099;6097100;-;-;72298;608201;1606200
4597;67;307999;22985;285014;597;30799900;26202900;-;-;112212;590300;5187300
5209;67;349003;125016;223987;209;11517099;9897100;-;-;190284;836200;2456199
5791;67;387997;138984;249013;791;12803901;11002900;-;-;72213;402300;2203301
6791;67;454997;162984;292013;791;15014901;12902900;-;-;295204;1429301;3996299
8209;67;550003;197016;352987;209;18150099;15597100;-;-;316292;2787201;5340200
8597;67;575999;42985;533014;597;57599900;49002900;-;-;330210;72300;8669300
9209;67;617003;221016;395987;209;20361099;17497100;-;-;23298;1561201;4425200
9403;67;630001;47015;582986;403;63000100;53597100;-;-;466294;7067200;16470200
9791;67;655997;234984;421013;791;21647901;18602900;-;-;210212;768299;3813300
0103;68;7004;4017;2987;103;175100;151101;-;-;1296;15201;39200
0397;68;26996;1985;25011;397;674900;568901;-;-;21203;61300;167299
1103;68;75004;43017;31987;103;1875100;1618101;-;-;18298;92199;424202
2897;68;196996;112983;84013;897;4924900;4249899;-;-;85200;279299;954300
4397;68;298996;21985;277011;397;7474900;6300901;-;-;283210;151300;1325299
4603;68;313004;23015;289989;603;7825100;6596099;-;-;274292;136202;1052199
5897;68;400996;229983;171013;897;10024900;8650899;-;-;14211;1612298;2986299
6397;68;434996;31985;403011;397;10874900;9166901;-;-;28210;1544299;3252298
7103;68;483004;277017;205987;103;12075100;10420101;-;-;11293;1453202;3108201
7603;68;517004;38015;478989;603;12925100;10895099;-;-;27294;1312201;3342202
9103;68;619004;355017;263987;103;15475100;13354101;-;-;87297;1316202;3437201
9397;68;638996;46985;592011;397;15974900;13465901;-;-;154204;1103301;3612300
0029;69;2001;1015;986;029;200100;171100;142100;-;293;17200;46200
0971;69;66999;33985;33014;971;6699900;5728900;4757900;-;22206;521300;1492300
2029;69;140001;71015;68986;029;14000100;11971100;9942100;-;2292;1325200;3354200
2971;69;204999;103985;101014;971;20499900;17528900;14557900;-;41207;1773300;4744300
6029;69;416001;211015;204986;029;41600100;35571100;29542100;-;314291;4694200;10723200
6971;69;480999;243985;237014;971;48099900;41128900;34157900;-;452208;4997300;11968300
8971;69;618999;313985;305014;971;61899900;52928900;43957900;-;501209;6969300;15940300
9029;69;623001;316015;306986;029;62300100;53271100;44242100;-;37289;7793200;16822200
1493;71;106003;103017;2986;493;3604102;3071101;-;-;10286;455200;988201
1831;71;130001;119015;10986;831;13000100;11169100;-;-;76297;283200;2114200
3169;71;224999;205985;19014;169;22499900;19330900;-;-;4214;2837300;6006300
4493;71;319003;310017;8986;493;10846102;9242101;-;-;134295;516200;2120201
4507;71;319997;310983;9014;507;10879898;9270899;-;-;140212;1163301;2772300
4831;71;343001;314015;28986;831;34300100;29469100;-;-;230293;2148200;6979200
5507;71;390997;379983;11014;507;13293898;11327899;-;-;83210;1333299;2908301
7507;71;532997;517983;15014;507;18121898;15441899;-;-;406203;511301;3191300
8831;71;627001;574015;52986;831;62700100;53869100;-;-;456297;1454200;10285200
0137;73;10001;3014;6987;137;1000100;863100;-;-;7289;76200;213200
0863;73;62999;18986;44013;863;6299900;5436900;-;-;35201;702300;1565300
2137;73;156001;47014;108987;137;15600100;13463100;-;-;107298;1915200;4052200
2411;73;176003;135016;40987;411;5808099;5063100;-;-;159294;270200;1015199
3137;73;229001;69014;159987;137;22900100;19763100;-;-;198289;1776200;4913200
3863;73;281999;84986;197013;863;28199900;24336900;-;-;196201;3182300;7045300
6863;73;500999;150986;350013;863;50099900;43236900;-;-;417201;5722300;12585300
7411;73;541003;415016;125987;411;17853099;15563100;-;-;519288;1942200;4232199
7589;73;553997;424984;129013;589;18281901;15936900;-;-;318206;667300;3012301
8863;73;646999;194986;452013;863;64699900;55836900;-;-;317206;1540300;10403300
9137;73;667001;201014;465987;137;66700100;57563100;-;-;93288;5356200;14493200
2473;74;183002;136015;46987;473;9150100;8005101;-;-;85293;231200;1376199
3527;74;260998;193985;67013;527;13049900;11416899;-;-;185202;1504300;3137301
5527;74;408998;303985;105013;527;20449900;17890899;-;-;185209;920300;3479301
6473;74;479002;356015;122987;473;23950100;20953101;-;-;333294;236199;3712200
8527;74;630998;468985;162013;527;31549900;27601899;-;-;277212;2673299;6621300
9473;74;701002;521015;179987;473;35050100;30664101;-;-;478291;1738200;6124199
0829;76;63004;29015;33989;829;1575100;1352099;-;-;28293;14200;237201
1171;76;88996;40985;48011;171;2224900;1909901;-;-;50200;167300;482299
2671;76;202996;194983;8013;671;5074900;4457899;-;-;133202;603298;1220299
3329;76;253004;243017;9987;329;6325100;5556101;-;-;110289;433202;1202201
3671;76;278996;267983;11013;671;6974900;6126899;-;-;14206;939298;1787299
5171;76;392996;180985;212011;171;9824900;8433901;-;-;56208;1359300;2750299
6329;76;481004;462017;18987;329;12025100;10563101;-;-;279298;1393202;2855201
6829;76;519004;239015;279989;829;12975100;11138099;-;-;144296;1346200;3183201
7829;76;595004;274015;320989;829;14875100;12769099;-;-;400296;1778200;3884201
8171;76;620996;285985;335011;171;15524900;13326901;-;-;203212;685301;2883300
8329;76;633004;608017;24987;329;15825100;13901101;-;-;234294;2333202;4257201
9829;76;747004;344015;402989;829;18675100;16031099;-;-;345292;178199;2822200
0013;77;1001;13;988;013;100100;87100;74100;61100;289;2200;15200
1013;77;78001;1013;76988;013;7800100;6787100;5774100;4761100;293;850200;1863200
1039;77;80003;27014;52989;039;2640099;2347101;1974100;1601099;76293;47201;340199
1987;77;152999;1987;151012;987;15299900;13312900;11325900;9338900;33202;935300;2922300
2039;77;157003;53014;103989;039;5181099;4606101;3874100;3142099;127294;645200;1377201
4013;77;309001;4013;304988;013;30900100;26887100;22874100;18861100;41293;3408200;7421200
4987;77;383999;4987;379012;987;38399900;33412900;28425900;23438900;133202;2397300;7384300
5039;77;388003;131014;256989;039;12804099;11383101;9574100;7765099;148297;1040200;2849201
5987;77;460999;5987;455012;987;46099900;40112900;34125900;28138900;22211;902300;6889300
6961;77;535997;180986;355011;961;17687901;15724899;13225900;10726901;317212;1194298;3157300
7013;77;540001;7013;532988;013;54000100;46987100;39974100;32961100;142293;6026200;13039200
7039;77;542003;183014;358989;039;17886099;15901101;13374100;10847099;52299;756199;3283200
8039;77;619003;209014;409989;039;20427099;18160101;15274100;12388099;381289;775200;3661201
9013;77;694001;9013;684988;013;69400100;60387100;51374100;42361100;471289;1796200;10809200
0859;78;67002;6013;60989;859;3350100;2954101;2491100;-;59296;279200;675199
2141;78;166998;14987;152011;141;8349900;7362899;6208900;-;19204;567300;1554301
9859;78;769002;69013;699989;859;38450100;33905101;28591100;-;295;3293201;7838200
0443;79;34997;3987;31010;443;1154901;1018900;-;-;23208;131300;267301
0557;79;44003;5013;38990;557;1452099;1281100;-;-;24290;204201;375200
1481;79;116999;39987;77012;481;11699900;10218900;-;-;43200;191300;1672300
2557;79;202003;23013;178990;557;6666099;5881100;-;-;124295;546200;1331199
3557;79;281003;32013;248990;557;9273099;8181100;-;-;41296;628201;1720200
4481;79;353999;120987;233012;481;35399900;30918900;-;-;14204;1878300;6359300
4519;79;357001;122013;234988;519;35700100;31181100;-;-;252295;2489200;7008200
5443;79;429997;48987;381010;443;14189901;12518900;-;-;89210;1847299;3518300
5519;79;436001;149013;286988;519;43600100;38081100;-;-;65289;5413200;10932200
5557;79;439003;50013;388990;557;14487099;12781100;-;-;42288;131200;1837199
6481;79;511999;174987;337012;481;51199900;44718900;-;-;137202;1809300;8290300
7481;79;590999;201987;389012;481;59099900;51618900;-;-;420207;5305300;12786300
8443;79;666997;75987;591010;443;22010901;19418900;-;-;535201;1261299;3853300
1321;81;107001;70013;36988;321;10700100;9379100;8058100;-;57291;888200;2209200
4679;81;378999;247987;131012;679;37899900;33220900;28541900;-;101206;1907300;6586300
6679;81;540999;353987;187012;679;54099900;47420900;40741900;-;4207;3123300;9802300
7321;81;593001;388013;204988;321;59300100;51979100;44658100;-;449289;6240200;13561200
9679;81;783999;512987;271012;679;78399900;68720900;59041900;-;93208;5397300;15076300
0061;82;5002;2013;2989;061;250100;222101;-;-;2291;21201;49200
1061;82;87002;35013;51989;061;4350100;3863101;-;-;47288;463200;950199
2939;82;240998;96987;144011;939;12049900;10700899;-;-;4202;1541299;2890300
3061;82;251002;101013;149989;061;12550100;11145101;-;-;29293;727201;2132200
5939;82;486998;195987;291011;939;24349900;21623899;-;-;133211;2461299;5187300
0241;83;20003;13014;6989;241;680102;593101;-;-;5294;21200;108201
1747;83;145001;138013;6988;747;14500100;12753100;-;-;31288;1247200;2994200
1759;83;145997;94986;51011;759;4963898;4328899;-;-;79207;195301;830300
3253;83;269999;256987;13012;253;26999900;23746900;-;-;179207;1093300;4346300
4241;83;352003;229014;122989;241;11968102;10437101;-;-;271296;199199;1730200
4253;83;352999;335987;17012;253;35299900;31046900;-;-;98201;3428300;7681300
4759;83;394997;256986;138011;759;13429898;11711899;-;-;295200;1537299;2860301
7253;83;601999;572987;29012;253;60199900;52946900;-;-;131206;1567300;8820300
7759;83;643997;418986;225011;759;21895898;19094899;-;-;194207;706301;3507300
8747;83;726001;691013;34988;747;72600100;63853100;-;-;480297;34200;8781200
9241;83;767003;499014;267989;241;26078102;22742101;-;-;443290;1820199;5156200
0131;84;11004;3013;7991;131;275100;245101;215102;174099;7292;16200;46199
0631;84;53004;41015;11989;631;1325100;1154099;983098;865101;26293;69201;240202
2131;84;179004;49013;129991;131;4475100;3987101;3499102;2832099;129287;453199;941198
3631;84;305004;236015;68989;631;7625100;6641099;5657098;4978101;220292;467200;1451201
5869;84;492996;134987;358009;869;12324900;10980899;9636898;7799901;348207;747299;2091300
6131;84;515004;141013;373991;131;12875100;11471101;10067102;8148099;200299;1506202;2910201
6869;84;576996;157987;419009;869;14424900;12851899;11278898;9128901;215205;105301;1678302
7369;84;618996;478985;140011;369;15474900;13477901;11480902;10102899;437202;1697301;3694300
8369;84;702996;543985;159011;369;17574900;15306901;13038902;11473899;262200;1693299;3961298
9631;84;809004;626015;182989;631;20225100;17615099;15005098;13204101;141286;1605198;4215199
1153;85;98005;83016;14989;153;1960100;1749101;-;-;54294;287200;498199
1847;85;156995;132984;24011;847;3139900;2801899;-;-;140205;513299;851300
2153;85;183005;155016;27989;153;3660100;3266101;-;-;142291;760202;1154201
3847;85;326995;276984;50011;847;6539900;5835899;-;-;61205;134298;838299
4153;85;353005;299016;53989;153;7060100;6300101;-;-;25291;104198;864197
5153;85;438005;371016;66989;153;8760100;7817101;-;-;62299;665200;1608199
0593;86;50998;34987;16011;593;2549900;2278899;-;-;11201;155300;426301
2593;86;222998;152987;70011;593;11149900;9964899;-;-;41202;894299;2079300
3407;86;293002;201013;91989;407;14650100;13093101;-;-;58293;208201;1765200
3593;86;308998;211987;97011;593;15449900;13807899;-;-;100208;258300;1900301
5407;86;465002;319013;145989;407;23250100;20779101;-;-;76292;314200;2785199
0023;87;2001;1012;989;023;200100;177100;154100;-;298;11200;34200
0977;87;84999;42988;42011;977;8499900;7522900;6545900;-;34204;667300;1644300
3023;87;263001;133012;129989;023;26300100;23277100;20254100;-;42291;293200;3316200
5023;87;437001;221012;215989;023;43700100;38677100;33654100;-;75294;4204200;9227200
6977;87;606999;306988;300011;977;60699900;53722900;46745900;-;565206;6300300;13277300
0191;89;16999;12988;4011;191;1699900;1508900;-;-;6201;42300;233300
0809;89;72001;55012;16989;809;7200100;6391100;-;-;60294;573200;1382200
1427;89;127003;117014;9989;427;4318102;3800101;-;-;9289;89201;480199
3191;89;283999;216988;67011;191;28399900;25208900;-;-;247206;2270300;5461300
5573;89;495997;456986;39011;573;16863898;14840899;-;-;153201;504300;2527299
6427;89;572003;527014;44989;427;19448102;17115101;-;-;530291;318200;2651201
7573;89;673997;620986;53011;573;22915898;20166899;-;-;314203;1465299;3540301
8191;89;728999;556988;172011;191;72899900;64708900;-;-;405208;7056300;15247300
8573;89;762997;702986;60011;573;25941898;22829899;-;-;4200;544299;2893301
0967;91;87997;58987;29010;967;2903901;2610900;2317899;-;3200;299;293300
1033;91;94003;63013;30990;033;3102099;2789100;2476101;-;50296;141200;454199
2011;91;183001;2011;180990;011;18300100;16289100;14278100;-;28294;925200;2936200
3011;91;274001;3011;270990;011;27400100;24389100;21378100;-;24298;271200;3282200
3967;91;360997;241987;119010;967;11912901;10710900;9508899;-;124206;834299;2036300
3989;91;362999;3989;359010;989;36299900;32310900;28321900;-;187203;877300;4866300
4967;91;451997;302987;149010;967;14915901;13410900;11905899;-;51209;1392299;2897300
5011;91;456001;5011;450990;011;45600100;40589100;35578100;-;431296;1754200;6765200
6011;91;547001;6011;540990;011;54700100;48689100;42678100;-;475289;5891200;11902200
6967;91;633997;424987;209010;967;20921901;18810900;16699899;-;204202;183301;2928299
8011;91;729001;8011;720990;011;72900100;64889100;56878100;-;537297;1923200;9934200
9011;91;820001;9011;810990;011;82000100;72989100;63978100;-;541290;7840200;16851200
9967;91;906997;607987;299010;967;29930901;26910900;23890899;-;571208;2355301;6282299
0163;92;14996;7987;7009;163;374900;337899;-;-;4203;7300;44301
0337;92;31004;1011;29993;337;775100;683099;-;-;20290;73199;165200
1163;92;106996;56987;50009;163;2674900;2410899;-;-;17200;303298;567299
1663;92;152996;4989;148007;663;3824900;3370901;-;-;51203;159298;460301
2663;92;244996;7989;237007;663;6124900;5397901;-;-;167209;585300;1312299
2837;92;261004;139013;121991;837;6525100;5881101;-;-;23291;599202;1243201
3163;92;290996;154987;136009;163;7274900;6556899;-;-;113203;173300;891301
4337;92;399004;13011;385993;337;9975100;8791099;-;-;57291;738200;1922201
4663;92;428996;13989;415007;663;10724900;9451901;-;-;190203;493298;1337301
6163;92;566996;301987;265009;163;14174900;12775899;-;-;282203;399300;1798301
6337;92;583004;19011;563993;337;14575100;12845099;-;-;508290;356202;1503199
8663;92;796996;25989;771007;663;19924900;17559901;-;-;717209;2077300;4442299
8837;92;813004;433013;379991;837;20325100;18319101;-;-;249291;2043202;4049201
9337;92;859004;28011;830993;337;21475100;18926099;-;-;11297;2308199;4857200
0043;93;3999;989;3010;043;399900;356900;313900;-;2209;25300;68300
2957;93;275001;68011;206990;957;27500100;24543100;21586100;-;105298;2725200;5682200
4957;93;461001;114011;346990;957;46100100;41143100;36186100;-;87292;2288200;7245200
6043;93;561999;138989;423010;043;56199900;50156900;44113900;-;262205;1259300;7302300
7043;93;654999;161989;493010;043;65499900;58456900;51413900;-;242208;3369300;10412300
9043;93;840999;207989;633010;043;84099900;75056900;66013900;-;356203;166300;9209300
0883;94;83002;15011;67991;883;4150100;3750101;-;-;14295;45200;445199
1117;94;104998;18989;86009;117;5249900;4743899;-;-;99200;434300;940301
6883;94;647002;117011;529991;883;32350100;29232101;-;-;531298;125201;3243200
7883;94;741002;134011;606991;883;37050100;33479101;-;-;419296;695201;4266200
8117;94;762998;137989;625009;117;38149900;34472899;-;-;258201;3456299;7133300
9883;94;929002;168011;760991;883;46450100;41973101;-;-;51292;2255201;6732200
2221;95;210995;19989;191006;221;4219900;3817899;-;-;105208;136302;749298
3221;95;305995;28989;277006;221;6119900;5536899;-;-;249208;294302;1183298
3779;95;359005;34011;324994;779;7180100;6496101;-;-;89297;826202;1510201
5779;95;549005;52011;496994;779;10980100;9934101;-;-;483297;15198;1061197
6221;95;590995;55989;535006;221;11819900;10693899;-;-;506202;2301;1128302
6779;95;644005;61011;582994;779;12880100;11653101;-;-;126292;221198;1448197
8221;95;780995;73989;707006;221;15619900;14131899;-;-;381207;496301;1984302
8779;95;834005;79011;754994;779;16680100;15091101;-;-;690292;813198;2402197
9221;95;875995;82989;793006;221;17519900;15850899;-;-;704207;833301;2502302
0433;97;42001;29011;12990;433;4200100;3767100;-;-;298;214200;647200
0701;97;67997;60987;7010;701;2243901;2032900;-;-;48207;43300;254301
1433;97;139001;96011;42990;433;13900100;12467100;-;-;101298;809200;2242200
1567;97;151999;104989;47010;567;15199900;13632900;-;-;99206;1481300;3048300
3299;97;320003;287013;32990;299;10560099;9567100;-;-;205296;855199;1848198
3433;97;333001;230011;102990;433;33300100;29867100;-;-;57296;2419200;5852200
3701;97;358997;321987;37010;701;11846901;10732900;-;-;221208;195301;1309302
4567;97;442999;305989;137010;567;44299900;39732900;-;-;362208;709300;5276300
5701;97;552997;495987;57010;701;18248901;16532900;-;-;84203;1207300;2923301
6299;97;611003;548013;62990;299;20163099;18267100;-;-;335295;2187201;4083200
6701;97;649997;582987;67010;701;21449901;19432900;-;-;340209;943299;2960300
7433;97;721001;498011;222990;433;72100100;64667100;-;-;42293;7319200;14752200
9433;97;915001;632011;282990;433;91500100;82067100;-;-;459292;1176200;10609200
1051;98;102998;40989;62009;051;5149900;4675899;4098900;-;19201;227299;701300
1949;98;191002;76011;114991;949;9550100;8671101;7601100;-;159291;239200;1118199
4051;98;396998;157989;239009;051;19849900;18022899;15798900;-;248204;1447300;3274301
5051;98;494998;196989;298009;051;24749900;22471899;19698900;-;481208;688299;2966300
6949;98;681002;271011;409991;949;34050100;30916101;27101100;-;519298;1895200;5029199
7949;98;779002;310011;468991;949;38950100;35365101;31001100;-;85292;411201;3996200
9949;98;975002;388011;586991;949;48750100;44263101;38801100;-;196293;5091201;9578200
0101;99;9999;8989;1010;101;999900;898900;797900;696900;3208;93300;194300
5101;99;504999;453989;51010;101;50499900;45398900;40297900;35196900;422209;376300;5477300
6101;99;603999;542989;61010;101;60399900;54298900;48197900;42096900;35202;1853300;7954300
6899;99;683001;614011;68990;899;68300100;61401100;54502100;47603100;636294;5424200;12323200
8101;99;801999;720989;81010;101;80199900;72098900;63997900;55896900;565206;6187300;14288300
1297;101;130997;47989;83008;297;4453898;3977899;-;-;12204;187299;532301
1901;101;192001;19010;172991;901;19200100;17299100;-;-;62295;832200;2733200
2099;101;211999;20990;191009;099;21199900;19100900;-;-;164204;802300;2901300
2297;101;231997;84989;147008;297;7887898;7044899;-;-;26208;568300;1411299
4099;101;413999;40990;373009;099;41399900;37300900;-;-;136209;3452300;7551300
4297;101;433997;158989;275008;297;14755898;13178899;-;-;225205;805300;2382299
4703;101;475003;174011;300992;703;16150102;14424101;-;-;26289;1611200;3337201
5099;101;514999;50990;464009;099;51499900;46400900;-;-;363201;368300;5467300
5297;101;534997;195989;339008;297;18189898;16245899;-;-;288209;129299;1538301
6703;101;677003;248011;428992;703;23018102;20558101;-;-;312292;1894200;4354201
7297;101;736997;269989;467008;297;25057898;22379899;-;-;696206;1681301;4359300
7703;101;778003;285011;492992;703;26452102;23625101;-;-;659299;921201;2970199
7901;101;798001;79010;718991;901;79800100;71899100;-;-;69291;6461200;14362200
8297;101;837997;306989;531008;297;28491898;25446899;-;-;277202;559300;3604299
9901;101;1000001;99010;900991;901;100000100;90099100;-;-;740297;2750200;12651200
1049;102;106998;63989;43009;049;5349900;4878899;4300900;-;10206;226300;697301
1951;102;199002;119011;79991;951;9950100;9074101;7999100;-;129292;730200;1606199
3049;102;310998;185989;125009;049;15549900;14180899;12500900;-;63205;691299;2060300
4049;102;412998;246989;166009;049;20649900;18831899;16600900;-;23200;1849299;3667300
4951;102;505002;302011;202991;951;25250100;23027101;20299100;-;308298;318200;2541199
7951;102;811002;485011;325991;951;40550100;36980101;32599100;-;789295;2427201;5997200
8951;102;913002;546011;366991;951;45650100;41631101;36699100;-;208289;4791201;8810200
9049;102;922998;551989;371009;049;46149900;42086899;37100900;-;486202;504300;4567301
0233;103;23999;6990;17009;233;2399900;2166900;-;-;13208;135300;368300
1301;103;134003;13010;120993;301;4422099;4033100;-;-;123295;261201;650200
1699;103;174997;16990;158007;699;5774901;5266900;-;-;148203;153300;661301
2699;103;277997;26990;251007;699;9173901;8366900;-;-;49202;57299;864300
2767;103;285001;83010;201991;767;28500100;25733100;-;-;31294;911200;3678200
3301;103;340003;33010;306993;301;11220099;10233100;-;-;164290;854199;1841198
3767;103;388001;113010;274991;767;38800100;35033100;-;-;306294;1504200;5271200
5233;103;538999;156990;382009;233;53899900;48666900;-;-;129202;4870300;10103300
6301;103;649003;63010;585993;301;21417099;19533100;-;-;307299;2210201;4094200
7699;103;792997;76990;716007;699;26168901;23866900;-;-;502205;1318299;3620300
8233;103;847999;246990;601009;233;84799900;76566900;-;-;236204;1158300;9391300
8699;103;895997;86990;809007;699;29567901;26966900;-;-;863201;3490299;6091300
9767;103;1006001;293010;712991;767;100600100;90833100;-;-;159299;8002200;17769200
0419;105;43995;12989;31006;419;879900;804899;729898;610902;19202;96298;171299
3581;105;376005;111011;264994;581;7520100;6879101;6238102;5221098;97295;115200;756199
5419;105;568995;167989;401006;419;11379900;10409899;9439898;7900902;91201;519302;2058298
5581;105;586005;173011;412994;581;11720100;10721101;9722102;8137098;369294;397199;1396198
6581;105;691005;204011;486994;581;13820100;12642101;11464102;9595098;218291;942201;2120200
8419;105;883995;260989;623006;419;17679900;16172899;14665898;12274902;192205;234300;1741301
8581;105;901005;266011;634994;581;18020100;16484101;14948102;12511098;619290;27201;1563200
9419;105;988995;291989;697006;419;19779900;18093899;16407898;13732902;893203;940298;2626299
1217;106;129002;101011;27991;217;6450100;5906101;-;-;109298;546201;1090200
1783;106;188998;147989;41009;783;9449900;8652899;-;-;182204;25300;822301
3217;106;341002;267011;73991;217;17050100;15612101;-;-;57294;115200;1553199
4217;106;447002;350011;96991;217;22350100;20465101;-;-;370294;446200;2331199
4783;106;506998;396989;110009;783;25349900;23211899;-;-;479208;1072300;3210301
5783;106;612998;479989;133009;783;30649900;28064899;-;-;238201;1701300;4286301
6217;106;659002;516011;142991;217;32950100;30171101;-;-;98290;1528200;4307199
8783;106;930998;728989;202009;783;46549900;42623899;-;-;344205;502299;4428300
0271;107;28997;15989;13008;271;985898;885899;-;-;19205;4300;104299
0757;107;80999;52990;28009;757;8099900;7342900;-;-;54208;172300;929300
2243;107;240001;157010;82991;243;24000100;21757100;-;-;106295;1979200;4222200
2729;107;292003;161011;130992;729;9928102;8921101;-;-;41289;475200;1482201
3271;107;349997;192989;157008;271;11899898;10692899;-;-;19200;346300;1553299
4243;107;454001;297010;156991;243;45400100;41157100;-;-;65299;1792200;6035200
4271;107;456997;251989;205008;271;15537898;13961899;-;-;153200;580300;2156299
4729;107;506003;279011;226992;729;17204102;15459101;-;-;128297;1107200;2852201
6271;107;670997;369989;301008;271;22813898;20499899;-;-;601200;1228300;3542299
7243;107;775001;507010;267991;243;77500100;70257100;-;-;553292;1683200;8926200
7757;107;829999;542990;287009;757;82999900;75242900;-;-;532207;912300;8669300
8243;107;882001;577010;304991;243;88200100;79957100;-;-;786299;4141200;12384200
0787;108;84996;36989;48007;787;2124900;1906901;1688902;-;46204;16298;149301
1213;108;131004;57011;73993;213;3275100;2939099;2603098;-;51297;210200;546201
1787;108;192996;83989;109007;787;4824900;4329901;3834902;-;10203;244300;739299
2213;108;239004;104011;134993;213;5975100;5362099;4749098;-;111291;266201;879202
2287;108;246996;230987;16009;287;6174900;5664899;5154898;-;22206;445301;955302
2713;108;293004;274013;18991;713;7325100;6720101;6115102;-;128297;630202;1235201
4787;108;516996;224989;292007;787;12924900;11598901;10272902;-;75203;702300;2028299
6287;108;678996;634987;44009;287;16974900;15572899;14170898;-;130203;1293298;2695299
7213;108;779004;339011;439993;213;19475100;17477099;15479098;-;449297;1394200;3392201
8287;108;894996;836987;58009;287;22374900;20526899;18678898;-;246206;1779301;3627302
8713;108;941004;880013;60991;713;23525100;21582101;19639102;-;586297;2198202;4141201
9787;108;1056996;459989;597007;787;26424900;23713901;21002902;-;868204;2150301;4861300
0211;109;22999;18990;4009;211;2299900;2088900;-;-;15206;174300;385300
0367;109;40003;11010;28993;367;1320099;1211100;-;-;20298;59200;168199
1367;109;149003;41010;107993;367;4917099;4511100;-;-;22295;316200;722199
1789;109;195001;161010;33991;789;19500100;17711100;-;-;191297;955200;2744200
2633;109;286997;78990;208007;633;9470901;8688900;-;-;128200;120301;1189299
2789;109;304001;251010;52991;789;30400100;27611100;-;-;231291;457200;3246200
4211;109;458999;378990;80009;211;45899900;41688900;-;-;118202;1457300;5668300
4789;109;522001;431010;90991;789;52200100;47411100;-;-;507298;2030200;6819200
6211;109;676999;558990;118009;211;67699900;61488900;-;-;435204;3764300;9975300
6367;109;694003;191010;502993;367;22902099;21011100;-;-;441296;1810201;3701200
7211;109;785999;648990;137009;211;78599900;71388900;-;-;195201;1702300;8913300
7789;109;849001;701010;147991;789;84900100;77111100;-;-;817299;2445200;10234200
0991;111;110001;109010;991;991;11000100;10009100;9018100;-;19294;580200;1571200
1009;111;111999;110990;1009;009;11199900;10190900;9181900;-;75200;983300;1992300
5009;111;555999;550990;5009;009;55599900;50590900;45581900;-;308203;1475300;6484300
6991;111;776001;769010;6991;991;77600100;70609100;63618100;-;772295;3953200;10944200
8009;111;888999;880990;8009;009;88899900;80890900;72881900;-;861207;6283300;14292300
0823;113;92999;13991;79008;823;9299900;8476900;-;-;36203;68300;891300
1531;113;173003;124011;48992;531;5882102;5314101;-;-;88292;454201;849199
1823;113;205999;30991;175008;823;20599900;18776900;-;-;49202;1737300;3560300
2531;113;286003;205011;80992;531;9724102;8785101;-;-;214299;900200;1839201
3469;113;391997;280989;111008;469;13327898;12040899;-;-;386203;431300;1718299
3823;113;431999;64991;367008;823;43199900;39376900;-;-;340208;2649300;6472300
4177;113;472001;71009;400992;177;47200100;43023100;-;-;171298;4039200;8216200
5531;113;625003;448011;176992;531;21250102;19198101;-;-;20298;92201;1519199
6469;113;730997;523989;207008;469;24853898;22453899;-;-;196204;280301;2680300
6823;113;770999;115991;655008;823;77099900;70276900;-;-;259205;2067300;8890300
7177;113;811001;122009;688992;177;81100100;73923100;-;-;617293;4141200;11318200
7823;113;883999;132991;751008;823;88399900;80576900;-;-;164204;1353300;9176300
0307;114;34998;3991;31007;307;1749900;1613899;1442900;-;25207;86300;222301
1307;114;148998;16991;132007;307;7449900;6870899;6142900;-;30204;141299;720300
1693;114;193002;22009;170993;693;9650100;8900101;7957100;-;52296;3199;946200
2693;114;307002;35009;271993;693;15350100;14157101;12657100;-;196292;1039201;2232200
3307;114;376998;42991;334007;307;18849900;17384899;15542900;-;20205;301300;1766301
5693;114;649002;74009;574993;693;32450100;29928101;26757100;-;631296;466199;3637200
7307;114;832998;94991;738007;307;41649900;38412899;34342900;-;629205;1250300;4487301
8693;114;991002;113009;877993;693;49550100;45699101;40857100;-;303298;51201;3902200
0113;115;12995;5989;7006;113;259900;239899;-;-;10202;29299;49300
0887;115;102005;47011;54994;887;2040100;1883101;-;-;3290;98199;255198
2113;115;242995;111989;131006;113;4859900;4485899;-;-;161200;275302;892298
2887;115;332005;153011;178994;887;6640100;6129101;-;-;302297;279201;790200
5113;115;587995;270989;317006;113;11759900;10854899;-;-;441200;717302;2210298
6113;115;702995;323989;379006;113;14059900;12977899;-;-;674202;625298;1707299
8887;115;1022005;471011;550994;887;20440100;18867101;-;-;86292;1037201;2610200
9887;115;1137005;524011;612994;887;22740100;20990101;-;-;333290;1391199;3141198
0181;116;20996;1991;19005;181;524900;484899;-;-;2202;41298;81299
1181;116;136996;12991;124005;181;3424900;3163899;-;-;200;118300;379301
1319;116;153004;91011;61993;319;3825100;3457099;-;-;105295;175202;390199
2819;116;327004;31009;295995;819;8175100;7552101;-;-;174298;783202;1406201
3181;116;368996;34991;334005;181;9224900;8521899;-;-;258201;576301;1279302
3319;116;385004;229011;155993;319;9625100;8699099;-;-;185299;517199;1443200
7681;116;890996;529989;361007;681;22274900;20131901;-;-;124201;892301;3035300
8681;116;1006996;598989;408007;681;25174900;22752901;-;-;444206;904299;3326298
8819;116;1023004;97009;925995;819;25575100;23626101;-;-;739296;695201;2644200
9181;116;1064996;100991;964005;181;26624900;24595899;-;-;947203;901298;2930299
9319;116;1081004;643011;437993;319;27025100;24425099;-;-;725297;138200;2738201
0547;117;63999;28991;35008;547;6399900;5852900;5305900;-;26206;27300;574300
1453;117;170001;77009;92992;453;17000100;15547100;14094100;-;103293;276200;1729200
3547;117;414999;187991;227008;547;41499900;37952900;34405900;-;152201;1631300;5178300
4547;117;531999;240991;291008;547;53199900;48652900;44105900;-;204205;4228300;8775300
6547;117;765999;346991;419008;547;76599900;70052900;63505900;-;667204;5695300;12242300
7547;117;882999;399991;483008;547;88299900;80752900;73205900;-;301200;2565300;10112300
9547;117;1116999;505991;611008;547;111699900;102152900;92605900;-;419208;2672300;12219300
0839;118;99002;26009;72993;839;4950100;4580101;-;-;89294;100201;470200
2161;118;254998;66991;188007;161;12749900;11796899;-;-;202204;928300;1881301
5839;118;689002;181009;507993;839;34450100;31875101;-;-;300299;1573201;4148200
8161;118;962998;252991;710007;161;48149900;44550899;-;-;894200;1710300;5309301
8839;118;1043002;274009;768993;839;52150100;48252101;-;-;251292;1409201;5307200
9161;118;1080998;283991;797007;161;54049900;50009899;-;-;573203;3651299;7691300
9839;118;1161002;305009;855993;839;58050100;53711101;-;-;122298;2267200;7767201
0479;119;57001;34009;22992;479;5700100;5221100;4742100;-;23293;470200;949200
0521;119;61999;36991;25008;521;6199900;5678900;5157900;-;25200;77300;598300
0563;119;66997;57989;9008;563;2277898;2067899;1857900;-;7200;48299;191301
2437;119;290003;251011;38992;437;9860102;8951101;8042100;-;144294;902201;1521199
2521;119;299999;178991;121008;521;29999900;27478900;24957900;-;273200;525300;3046300
5437;119;647003;560011;86992;437;21998102;19970101;17942100;-;376294;39200;2067201
5479;119;652001;389009;262992;479;65200100;59721100;54242100;-;436292;721200;6200200
5521;119;656999;391991;265008;521;65699900;60178900;54657900;-;438201;1647300;7168300
5563;119;661997;572989;89008;563;22507898;20432899;18357900;-;32209;349300;2424299
6521;119;775999;462991;313008;521;77599900;71078900;64557900;-;713201;2141300;8662300
6563;119;780997;675989;105008;563;26553898;24105899;21657900;-;215200;694299;2361301
8521;119;1013999;604991;409008;521;101399900;92878900;84357900;-;429202;3309300;11830300
8563;119;1018997;881989;137008;563;34645898;31451899;28257900;-;135209;623300;3817299
9437;119;1123003;972011;150992;437;38182102;34662101;31142100;-;30292;568201;2965199
9479;119;1128001;673009;454992;479;112800100;103321100;93842100;-;309299;2385200;11864200
9521;119;1132999;675991;457008;521;113299900;103778900;94257900;-;765202;3983300;13504300
0157;121;18997;10990;8007;157;626901;580900;534899;-;9201;10300;56301
0281;121;34001;25009;8992;281;3400100;3119100;2838100;-;2295;144200;425200
0719;121;86999;63991;23008;719;8699900;7980900;7261900;-;50207;587300;1306300
2281;121;276001;203009;72992;281;27600100;25319100;23038100;-;251297;851200;3132200
2719;121;328999;241991;87008;719;32899900;30180900;27461900;-;138206;1840300;4559300
2843;121;344003;199010;144993;843;11352099;10519100;9686101;-;106299;126200;959199
3719;121;449999;330991;119008;719;44999900;41280900;37561900;-;319201;397300;4116300
4157;121;502997;290990;212007;157;16598901;15380900;14162899;-;73204;605300;1823301
5281;121;639001;470009;168992;281;63900100;58619100;53338100;-;196294;3502200;8783200
5843;121;707003;409010;297993;843;23331099;21619100;19907101;-;113295;861199;3280201
6719;121;812999;597991;215008;719;81299900;74580900;67861900;-;86204;2666300;9385300
8719;121;1054999;775991;279008;719;105499900;96780900;88061900;-;1001202;2239300;10958300
9157;121;1107997;640990;467007;157;36563901;33880900;31197899;-;683203;1855299;4538300
9281;121;1123001;826009;296992;281;112300100;103019100;93738100;-;1115297;3556200;12837200
9719;121;1175999;864991;311008;719;117599900;107880900;98161900;-;591206;6675300;16394300
0041;122;5002;2009;2993;041;250100;232101;-;-;2294;13200;36201
3041;122;371002;149009;221993;041;18550100;17215101;-;-;325295;1134201;2469200
6959;122;848998;340991;508007;959;42449900;39394899;-;-;208;2700300;6604299
9041;122;1103002;443009;659993;041;55150100;51181101;-;-;786295;3191201;7160200
1187;123;146001;127009;18992;187;14600100;13413100;12226100;-;105298;41200;1228200
3187;123;392001;341009;50992;187;39200100;36013100;32826100;-;190295;1194200;4381200
4813;123;591999;514991;77008;813;59199900;54386900;49573900;-;6208;3298300;8111300
5813;123;714999;621991;93008;813;71499900;65686900;59873900;-;234205;2065300;7878300
7187;123;884001;769009;114992;187;88400100;81213100;74026100;-;781298;393200;7580200
9187;123;1130001;983009;146992;187;113000100;103813100;94626100;-;732295;3626200;12813200
0379;124;46996;10991;36005;379;1174900;1091899;-;-;44202;136299;219300
1621;124;201004;47009;153995;621;5025100;4670101;-;-;23293;263201;618200
1879;124;232996;170989;62007;879;5824900;5296901;-;-;187204;232300;760299
2621;124;325004;76009;248995;621;8125100;7551101;-;-;116293;504201;1078200
2879;124;356996;261989;95007;879;8924900;8115901;-;-;16208;442300;1251299
3121;124;387004;284011;102993;121;9675100;8798099;-;-;185293;647201;1524202
4621;124;573004;134009;438995;621;14325100;13313101;-;-;43298;1166201;2178200
5879;124;728996;534989;194007;879;18224900;16572901;-;-;368201;1432300;3084299
6121;124;759004;557011;201993;121;18975100;17255099;-;-;155289;100200;1820201
6379;124;790996;184991;606005;379;19774900;18377899;-;-;495201;2045298;3442299
7121;124;883004;648011;234993;121;22075100;20074099;-;-;159296;330200;2331201
7621;124;945004;221009;723995;621;23625100;21956101;-;-;757298;2609201;4278200
7879;124;976996;716989;260007;879;24424900;22210901;-;-;966201;178301;2392300
0373;126;46998;24991;22007;373;2349900;2186899;1976900;1813899;19205;48299;211300
1373;126;172998;91991;81007;373;8649900;8049899;7276900;6676899;65203;599300;1372299
1627;126;205002;109009;95993;627;10250100;9539101;8623100;7912101;77298;710201;1421200
3373;126;424998;225991;199007;373;21249900;19775899;17876900;16402899;332206;595300;2494299
4373;126;550998;292991;258007;373;27549900;25638899;23176900;21265899;413204;203300;2665299
6373;126;802998;426991;376007;373;40149900;37364899;33776900;30991899;551200;2227299;5012300
8627;126;1087002;578009;508993;627;54350100;50580101;45723100;41953101;99296;4542201;8312200
0811;127;102997;72990;30007;811;3398901;3162900;-;-;55204;3300;239301
0937;127;118999;14992;104007;937;11899900;10962900;-;-;104203;742300;1679300
1063;127;135001;17008;117993;063;13500100;12437100;-;-;42296;901200;1964200
1811;127;229997;162990;67007;811;7589901;7062900;-;-;210202;621299;1148300
2063;127;262001;33008;228993;063;26200100;24137100;-;-;187299;1068200;3131200
4937;127;626999;78992;548007;937;62699900;57762900;-;-;223201;2331300;7268300
5189;127;659003;467010;191993;189;21747099;20237100;-;-;347299;866199;3035201
7937;127;1007999;126992;881007;937;100799900;92862900;-;-;438201;3827300;11764300
9811;127;1245997;882990;363007;811;41117901;38262900;-;-;285205;3758299;6613300
0031;129;3999;992;3007;031;399900;368900;337900;-;206;27300;58300
1031;129;132999;32992;100007;031;13299900;12268900;11237900;-;84201;320300;1351300
2969;129;383001;95008;287993;969;38300100;35331100;32362100;-;66297;1512200;4481200
4969;129;641001;159008;481993;969;64100100;59131100;54162100;-;56298;1835200;6804200
8969;129;1157001;287008;869993;969;115700100;106731100;97762100;-;774293;801200;9770200
0229;131;29999;10992;19007;229;2999900;2770900;-;-;17204;114300;343300
0313;131;41003;5008;35995;313;1394102;1276101;-;-;12297;29199;147200
1229;131;160999;58992;102007;229;16099900;14870900;-;-;129204;650300;1879300
2687;131;351997;42992;309005;687;11967898;10954899;-;-;85204;582299;1595298
3229;131;422999;154992;268007;229;42299900;39070900;-;-;110205;1902300;5131300
3313;131;434003;53008;380995;313;14756102;13507101;-;-;163297;342199;1591200
4229;131;553999;202992;351007;229;55399900;51170900;-;-;271205;2618300;6847300
6229;131;815999;298992;517007;229;81599900;75370900;-;-;773205;4230300;10459300
7229;131;946999;346992;600007;229;94699900;87470900;-;-;167206;5126300;12355300
7687;131;1006997;122992;884005;687;34237898;31339899;-;-;36205;1458300;4356299
0053;132;6996;5989;1007;053;174900;159901;144902;136899;6205;12300;27299
0947;132;125004;107011;17993;947;3125100;2857099;2589098;2446101;100296;209201;477202
1447;132;191004;68009;122995;447;4775100;4461101;4147102;3642099;179297;250200;564199
1553;132;204996;72991;132005;553;5124900;4787899;4450898;3908901;163204;239301;576302
2053;132;270996;231989;39007;053;6774900;6193901;5612902;5302899;117205;353300;934299
2447;132;323004;115009;207995;447;8075100;7544101;7013102;6159099;68295;511202;1042201
3947;132;521004;446011;74993;947;13025100;11908099;10791098;10195101;323298;256199;1373200
4447;132;587004;209009;377995;447;14675100;13710101;12745102;11193099;444299;662202;1627201
6053;132;798996;683989;115007;053;19974900;18261901;16548902;15634899;418201;315300;2028299
6553;132;864996;307991;557005;553;21624900;20202899;18780898;16493901;138202;459299;1881300
6947;132;917004;785011;131993;947;22925100;20959099;18993098;17944101;534293;284201;2250202
8053;132;1062996;909989;153007;053;26574900;24295901;22016902;20800899;73201;2215299;4494298
8447;132;1115004;397009;717995;447;27875100;26042101;24209102;21261099;548294;2077201;3910200
0797;133;106001;51008;54993;797;10600100;9803100;9006100;-;8296;193200;990200
1609;133;213997;176990;37007;609;7061901;6596900;6131899;-;28205;295299;760300
2203;133;292999;140992;152007;203;29299900;27096900;24893900;-;76201;1911300;4114300
2609;133;346997;286990;60007;609;11450901;10696900;9942899;-;9209;35299;789300
2797;133;372001;179008;192993;797;37200100;34403100;31606100;-;233297;510200;3307200
3203;133;425999;204992;221007;203;42599900;39396900;36193900;-;338204;1081300;4284300
3391;133;451003;373010;77993;391;14883099;13903100;12923101;-;415295;978201;1958200
3797;133;505001;243008;261993;797;50500100;46703100;42906100;-;81293;2477200;6274200
4391;133;584003;483010;100993;391;19272099;18003100;16734101;-;375298;520201;1789200
6203;133;824999;396992;428007;203;82499900;76296900;70093900;-;295200;4637300;10840300
8609;133;1144997;946990;198007;609;37784901;35296900;32808899;-;1003206;2432300;4920301
9203;133;1223999;588992;635007;203;122399900;113196900;103993900;-;539203;1450300;10653300
9391;133;1249003;1033010;215993;391;41217099;38503100;35789101;-;962295;2521201;5235200
0097;134;12998;9991;3007;097;649900;607899;-;-;1203;1300;56299
1097;134;146998;112991;34007;097;7349900;6874899;-;-;54202;55299;530300
2903;134;389002;299009;89993;903;19450100;18193101;-;-;373296;376199;2022200
4903;134;657002;505009;151993;903;32850100;30727101;-;-;336296;341199;3121200
5903;134;791002;608009;182993;903;39550100;36994101;-;-;623297;629200;3976201
1237;135;166995;119989;47006;237;3339900;3125899;2911898;-;5207;115300;329301
2237;135;301995;216989;85006;237;6039900;5652899;5265898;-;45209;244302;933298
5237;135;706995;507989;199006;237;14139900;13233899;12327898;-;158209;624302;2237298
6763;135;913005;656011;256994;763;18260100;17090101;15920102;-;891295;1493202;2663201
7237;135;976995;701989;275006;237;19539900;18287899;17035898;-;175207;819300;2071301
8237;135;1111995;798989;313006;237;22239900;20814899;19389898;-;18203;1064302;3601298
0073;137;10001;7008;2993;073;1000100;927100;-;-;2298;44200;117200
2927;137;400999;280992;120007;927;40099900;37172900;-;-;13200;891300;3818300
4073;137;558001;391008;166993;073;55800100;51727100;-;-;409295;348200;4421200
4219;137;578003;135008;442995;219;19652102;18053101;-;-;269298;1269201;2290199
5927;137;811999;568992;243007;927;81199900;75272900;-;-;394204;5420300;11347300
6073;137;832001;583008;248993;073;83200100;77127100;-;-;695297;5013200;11086200
6781;137;928997;216992;712005;781;31585898;29015899;-;-;340202;1947299;3588301
7219;137;989003;231008;757995;219;33626102;30890101;-;-;576292;1529200;4265201
7927;137;1085999;760992;325007;927;108599900;100672900;-;-;638202;5188300;13115300
8219;137;1126003;263008;862995;219;38284102;35169101;-;-;212296;171201;2160199
9781;137;1339997;312992;1027005;781;45559898;41852899;-;-;960200;1938300;5645299
1471;138;202998;177991;25007;471;10149900;9515899;8678900;-;157205;76300;710301
3529;138;487002;427009;59993;529;24350100;22829101;20821100;-;406293;699200;2220199
5471;138;754998;661991;93007;471;37749900;35391899;32278900;-;393200;940300;3298301
6529;138;901002;790009;110993;529;45050100;42236101;38521100;-;327298;1881200;4695199
7529;138;1039002;911009;127993;529;51950100;48705101;44421100;-;603298;2395200;5640199
0223;139;30997;28990;2007;223;1022901;958900;-;-;27203;55301;150299
1223;139;169997;158990;11007;223;5609901;5258900;-;-;160200;144301;665299
1259;139;175001;141008;33993;259;17500100;16241100;-;-;1296;827200;2086200
1741;139;241999;194992;47007;741;24199900;22458900;-;-;240205;1624300;3365300
1777;139;247003;231010;15993;777;8151099;7641100;-;-;117299;341201;851200
2741;139;380999;306992;74007;741;38099900;35358900;-;-;293204;2091300;4832300
2777;139;386003;361010;24993;777;12738099;11941100;-;-;233295;172201;969200
3259;139;453001;365008;87993;259;45300100;42041100;-;-;254299;1033200;4292200
4259;139;592001;477008;114993;259;59200100;54941100;-;-;315293;626200;4885200
5741;139;797999;642992;155007;741;79799900;74058900;-;-;80201;1452300;7193300
7741;139;1075999;866992;209007;741;107599900;99858900;-;-;913205;7067300;14808300
8741;139;1214999;978992;236007;741;121499900;112758900;-;-;760204;6494300;15235300
0461;141;65001;59008;5993;461;6500100;6039100;5578100;-;35298;119200;580200
2539;141;357999;324992;33007;539;35799900;33260900;30721900;-;171204;1349300;3888300
3461;141;488001;443008;44993;461;48800100;45339100;41878100;-;372299;514200;3975200
3539;141;498999;452992;46007;539;49899900;46360900;42821900;-;426201;571300;4110300
8461;141;1193001;1083008;109993;461;119300100;110839100;102378100;-;986298;2526200;10987200
8539;141;1203999;1092992;111007;539;120399900;111860900;103321900;-;1105202;2659300;11198300
9461;141;1334001;1211008;122993;461;133400100;123939100;114478100;-;393293;8785200;18246200
9539;141;1344999;1220992;124007;539;134499900;124960900;115421900;-;395200;8980300;18519300
0331;142;47002;46009;993;331;2350100;2208101;-;-;37293;3200;145199
1669;142;236998;231991;5007;669;11849900;11133899;-;-;229203;536299;1252300
3331;142;473002;463009;9993;331;23650100;22221101;-;-;385296;998200;2427199
5669;142;804998;787991;17007;669;40249900;37817899;-;-;13208;234299;2666300
7331;142;1041002;1019009;21993;331;52050100;48905101;-;-;899293;144200;3289199
7669;142;1088998;1065991;23007;669;54449900;51159899;-;-;33206;2533300;5823301
8669;142;1230998;1204991;26007;669;61549900;57830899;-;-;46205;2872299;6591300
1021;143;146003;49008;96995;021;4964102;4575101;4186100;-;142296;186199;575200
1979;143;282997;94992;188005;979;9621898;8867899;8113900;-;5204;90301;844300
1993;143;284999;1993;283006;993;28499900;26506900;24513900;-;163206;1275300;3268300
4007;143;573001;4007;568994;007;57300100;53293100;49286100;-;489294;2725200;6732200
4021;143;575003;193008;381995;021;19550102;18018101;16486100;-;347293;1095199;2627200
4993;143;713999;4993;709006;993;71399900;66406900;61413900;-;174205;2246300;7239300
5021;143;718003;241008;476995;021;24412102;22499101;20586100;-;107298;323201;1518199
6007;143;859001;6007;852994;007;85900100;79893100;73886100;-;547297;1322200;7329200
7993;143;1142999;7993;1135006;993;114299900;106306900;98313900;-;1046203;2077300;10070300
9007;143;1288001;9007;1278994;007;128800100;119793100;110786100;-;397298;271200;9278200
0269;145;39005;32011;6994;269;780100;734101;-;-;24298;5199;51198
2269;145;329005;270011;58994;269;6580100;6192101;-;-;275297;114198;502197
2731;145;395995;324989;71006;731;7919900;7452899;-;-;343204;545298;1012299
6269;145;909005;746011;162994;269;18180100;17108101;-;-;77296;1613201;2685200
8269;145;1199005;984011;214994;269;23980100;22566101;-;-;358295;970201;2384200
8731;145;1265995;1038989;227006;731;25319900;23826899;-;-;189200;1062300;2555301
1637;146;239002;18007;220995;637;11950100;11251101;-;-;113296;100200;799199
3637;146;531002;40007;490995;637;26550100;24997101;-;-;466299;1459200;3012199
4363;146;636998;47993;589005;363;31849900;29986899;-;-;409205;1011299;2874300
4637;146;677002;51007;625995;637;33850100;31870101;-;-;367296;330200;2310199
6637;146;969002;73007;895995;637;48450100;45616101;-;-;917299;2729200;5563199
8363;146;1220998;91993;1129005;363;61049900;57478899;-;-;550201;2833300;6404301
1483;147;218001;43007;174994;483;21800100;20317100;18834100;17351100;86295;138200;1621200
3517;147;516999;101993;415006;517;51699900;48182900;44665900;41148900;386201;1958300;5475300
4483;147;659001;130007;528994;483;65900100;61417100;56934100;52451100;543294;1359200;5842200
4517;147;663999;130993;533006;517;66399900;61882900;57365900;52848900;148202;2831300;7348300
5483;147;806001;159007;646994;483;80600100;75117100;69634100;64151100;242293;2046200;7529200
7517;147;1104999;217993;887006;517;110499900;102982900;95465900;87948900;720203;6290300;13807300
0047;149;7003;3008;3995;047;238102;220101;-;-;2298;6199;24200
0349;149;52001;15007;36994;349;5200100;4851100;-;-;38295;333200;682200
0953;149;141997;60992;81005;953;4827898;4462899;-;-;38205;36299;401298
2953;149;439997;188992;251005;953;14959898;13828899;-;-;381202;626301;1757300
4349;149;648001;187007;460994;349;64800100;60451100;-;-;129295;3804200;8153200
4651;149;692999;199993;493006;651;69299900;64648900;-;-;215201;1373300;6024300
5651;149;841999;242993;599006;651;84199900;78548900;-;-;719202;2968300;8619300
5953;149;886997;380992;506005;953;30157898;27877899;-;-;42206;30300;2310299
6047;149;901003;387008;513995;047;30634102;28318101;-;-;622296;2025200;4341201
7349;149;1095001;316007;778994;349;109500100;102151100;-;-;130297;4150200;11499200
9349;149;1393001;402007;990994;349;139300100;129951100;-;-;287294;231200;9580200
2351;151;355001;134007;220994;351;35500100;33149100;-;-;266297;1096200;3447200
4649;151;701999;264993;437006;649;70199900;65550900;-;-;668200;203300;4852300
5351;151;808001;305007;502994;351;80800100;75449100;-;-;563299;836200;6187200
7351;151;1110001;419007;690994;351;111000100;103649100;-;-;825296;4530200;11881200
7649;151;1154999;435993;719006;649;115499900;107850900;-;-;602205;5612300;13261300
9649;151;1456999;549993;907006;649;145699900;136050900;-;-;1377201;1869300;11518300
4817;153;737001;342007;394994;817;73700100;68883100;64066100;-;625294;3602200;8419200
7817;153;1196001;555007;640994;817;119600100;111783100;103966100;-;819299;7487200;15304200
9817;153;1502001;697007;804994;817;150200100;140383100;130566100;-;901298;960200;10777200
0487;154;74998;18993;56005;487;3749900;3543899;3262900;3056899;43201;264299;470300
1487;154;228998;57993;171005;487;11449900;10820899;9962900;9333899;41204;316299;945300
4513;154;695002;176007;518995;513;34750100;32841101;30237100;28328101;344296;484199;2393198
7487;154;1152998;291993;861005;487;57649900;54482899;50162900;46995899;357204;1742299;4909300
8513;154;1311002;332007;978995;513;65550100;61949101;57037100;53436101;215293;3101200;6702199
0071;155;11005;10011;994;071;220100;208101;-;-;8297;12202;24201
0929;155;143995;130989;13006;929;2879900;2722899;-;-;25203;76298;233299
3929;155;608995;553989;55006;929;12179900;11515899;-;-;460203;676298;1340299
8929;155;1383995;1258989;125006;929;27679900;26170899;-;-;876202;2876298;4385299
9929;155;1538995;1399989;139006;929;30779900;29101899;-;-;1272202;279302;3496298
0293;157;46001;29007;16994;293;4600100;4307100;-;-;36299;170200;463200
2293;157;360001;227007;132994;293;36000100;33707100;-;-;82295;277200;2570200
2707;157;424999;267993;157006;707;42499900;39792900;-;-;195201;1432300;4139300
8293;157;1302001;821007;480994;293;130200100;121907100;-;-;1052298;6144200;14437200
8707;157;1366999;861993;505006;707;136699900;127992900;-;-;558205;1298300;10005300
9293;157;1459001;920007;538994;293;145900100;136607100;-;-;770296;101200;9394200
0019;158;3002;1007;1995;019;150100;142101;-;-;2295;2200;10199
1019;158;161002;54007;106995;019;8050100;7621101;-;-;132296;127201;556200
3019;158;477002;160007;316995;019;23850100;22579101;-;-;446298;1225200;2496199
4019;158;635002;213007;421995;019;31750100;30058101;-;-;630299;1667201;3359200
5981;158;944998;316993;628005;981;47249900;44731899;-;-;886204;856299;3374300
7019;158;1109002;372007;736995;019;55450100;52495101;-;-;918295;883200;3838199
0239;159;38001;27007;10994;239;3800100;3561100;3322100;-;1297;139200;378200
0761;159;120999;85993;35006;761;12099900;11338900;10577900;-;36200;112300;873300
2239;159;356001;253007;102994;239;35600100;33361100;31122100;-;238296;1886200;4125200
3761;159;597999;424993;173006;761;59799900;56038900;52277900;-;536205;141300;3902300
6761;159;1074999;763993;311006;761;107499900;100738900;93977900;-;220205;6271300;13032300
8761;159;1392999;989993;403006;761;139299900;130538900;121777900;-;767200;1643300;10404300
9239;159;1469001;1044007;424994;239;146900100;137661100;128422100;-;364293;2332200;11571200
1559;161;250999;197993;53006;559;25099900;23540900;21981900;-;70201;165300;1724300
2441;161;393001;310007;82994;441;39300100;36859100;34418100;-;129299;278200;2719200
3559;161;572999;451993;121006;559;57299900;53740900;50181900;-;217205;2726300;6285300
4441;161;715001;564007;150994;441;71500100;67059100;62618100;-;306295;3437200;7878200
5441;161;876001;691007;184994;441;87600100;82159100;76718100;-;326296;3286200;8727200
7559;161;1216999;959993;257006;559;121699900;114140900;106581900;-;189201;650300;8209300
0179;162;28998;11993;17005;179;1449900;1374899;1270900;-;23203;34301;138300
0821;162;133002;55007;77995;821;6650100;6306101;5829100;-;78298;129200;473199
2179;162;352998;145993;207005;179;17649900;16736899;15470900;-;60205;548301;1814300
3821;162;619002;256007;362995;821;30950100;29349101;27129100;-;89296;945200;2546199
5179;162;838998;346993;492005;179;41949900;39779899;36770900;-;117200;2608299;4778300
5821;162;943002;390007;552995;821;47150100;44711101;41329100;-;485296;1789200;4228199
8179;162;1324998;547993;777005;179;66249900;62822899;58070900;-;921200;103300;3530301
8821;162;1429002;591007;837995;821;71450100;67754101;62629100;-;100294;3505200;7201199
0227;163;37001;32007;4994;227;3700100;3473100;-;-;3293;194200;421200
0773;163;125999;108993;17006;773;12599900;11826900;-;-;11200;552300;1325300
5227;163;852001;737007;114994;227;85200100;79973100;-;-;86297;1074200;6301200
9227;163;1504001;1301007;202994;227;150400100;141173100;-;-;69294;6325200;15552200
0503;165;82995;81989;1006;503;1659900;1575899;1491898;1324902;68201;1302;85303
2503;165;412995;407989;5006;503;8259900;7841899;7423898;6592902;189201;687298;1105299
5503;165;907995;896989;11006;503;18159900;17240899;16321898;14494902;845205;102300;1021301
9497;165;1567005;1548011;18994;497;31340100;29754101;28168102;25015098;317294;621198;2207197
1753;166;290998;141993;149005;753;14549900;13818899;-;-;28205;375299;1106300
2753;166;456998;222993;234005;753;22849900;21701899;-;-;190204;278300;1426301
6247;166;1037002;506007;530995;247;51850100;49245101;-;-;299293;1536199;5178200
7247;166;1203002;587007;615995;247;60150100;57128101;-;-;115299;2166200;5188199
7753;166;1286998;627993;659005;753;64349900;61116899;-;-;16203;264299;3497300
8753;166;1452998;708993;744005;753;72649900;68999899;-;-;482202;2959301;8062300
;;;;;;;;;;;;
;;;;;;;;;;;;
;;;;;;;;;;;;
;;;;;;;;;;;;
;;;;;;;;;;;;
;;;;;;;;;;;;
;;;;;;;;;;;;
